Open,High,Low,Close,Volume,Unadj.Close,day
443.2386624,448.7838212,439.5730599,447.0725833,2886421.038,2390.5,1/3/2011
446.3245012,446.605032,436.3189027,438.6660104,4429460.168,2345.55,1/4/2011
439.4421456,439.4421456,429.6796738,431.6807935,4184460.331,2308.2,1/5/2011
433.1395536,438.1236508,431.8304099,435.3370449,2906098.022,2327.75,1/6/2011
435.047163,435.047163,422.8534243,424.4337478,4249800.75,2269.45,1/7/2011
421.9276727,424.5366091,399.8498988,402.5149414,10731869.77,2152.25,1/10/2011
405.8345558,414.9424558,397.4186319,401.4582754,6500569.658,2146.6,1/11/2011
405.6475353,414.0634593,393.9774541,412.4363807,5296316.859,2205.3,1/12/2011
413.1283566,414.6993291,397.6804606,400.7850015,5072170.347,2143,1/13/2011
402.0941452,412.9413361,379.6516813,383.3079327,6839569.869,2049.55,1/14/2011
385.2622973,391.4339748,383.4949532,386.7771636,6566551.718,2068.1,1/17/2011
390.2744475,395.7354471,382.7655731,394.4917605,4502179.456,2109.35,1/18/2011
394.9219078,395.370757,385.8233589,388.1517645,4808028.227,2075.45,1/19/2011
386.9922372,399.1766249,382.6253077,396.0253289,5153658.726,2117.55,1/20/2011
393.4912007,397.3625257,388.2733278,391.6490484,4436732.097,2094.15,1/21/2011
391.8080159,402.8422273,387.6935642,401.8323165,6830266.078,2148.6,1/24/2011
402.3185698,406.7416054,387.1512046,389.8068962,7544840.024,2084.3,1/25/2011
392.7431186,392.7431186,381.7089071,383.5604104,10130117.66,2050.9,1/27/2011
384.3271946,390.7513499,381.9052787,384.1869292,9516816.014,2054.25,1/28/2011
382.026842,385.9075181,373.3303873,382.8871365,5944801.805,2047.3,1/31/2011
388.4229443,388.4229443,376.8650753,381.4470784,4572332.181,2039.6,2/1/2011
383.6726227,385.9168691,375.2005926,377.7627739,5219747.726,2019.9,2/2/2011
377.781476,387.4597885,375.9112706,385.4399668,3099124.956,2060.95,2/3/2011
383.5791125,389.9378106,374.976168,377.3606798,4947692.036,2017.75,2/4/2011
382.4569893,385.2622973,377.8188801,381.306813,4576716.727,2038.85,2/7/2011
385.2435952,385.2529462,371.2544594,374.5740738,3847598.923,2002.85,2/8/2011
373.6670242,380.5867839,370.5624834,378.2116232,3934006.548,2022.3,2/9/2011
377.0333938,383.2050714,374.0410653,377.0053407,6167985.855,2015.85,2/10/2011
373.1059626,385.2622973,373.1059626,385.1313829,5402294.527,2059.3,2/11/2011
383.420145,394.650728,383.420145,393.7623805,3166604.178,2105.45,2/14/2011
394.6133239,397.9796935,388.1237114,394.0522623,4063511.045,2107,2/15/2011
395.361406,396.8575703,389.9471616,391.7799628,2433208.769,2094.85,2/16/2011
392.7431186,410.3230486,391.8080159,408.7520762,6312034.21,2185.6,2/17/2011
408.4528433,419.5057568,404.9462083,406.9753811,10569855.47,2176.1,2/18/2011
404.8994532,412.9413361,398.8212859,411.7631067,2994537.509,2201.7,2/21/2011
409.5749665,409.8929014,397.4934401,399.934058,3099338.836,2138.45,2/22/2011
397.456036,402.6552068,392.7805227,395.3801081,3269266.702,2114.1,2/23/2011
390.3118516,396.2123494,382.5972547,385.0939788,5361764.218,2059.1,2/24/2011
390.3118516,390.3118516,377.4074349,381.9239808,3373854.149,2042.15,2/25/2011
386.0103794,396.6611987,380.5867839,383.8128881,5871654.756,2052.25,2/28/2011
388.0302011,402.0941452,385.0752767,400.0369193,5480895.522,2139,3/1/2011
399.2701352,415.6157297,398.3630856,410.1640812,6774015.57,2193.15,3/3/2011
413.3153772,417.5981474,412.6608053,414.8582966,5269367.946,2218.25,3/4/2011
412.193254,412.193254,402.2624637,406.4236705,3436948.825,2173.15,3/7/2011
403.5903095,414.9050517,403.3097787,412.6608053,4804499.203,2206.5,3/8/2011
413.3153772,418.6828664,410.5100692,412.5766461,4834656.319,2206.05,3/9/2011
409.9490076,414.2504798,408.1442594,413.0161443,3994320.781,2208.4,3/10/2011
408.0881533,414.6245209,406.7696585,408.8923416,3504321.107,2186.35,3/11/2011
406.2085969,414.9985619,406.2085969,414.2037247,3497690.819,2214.75,3/14/2011
405.8345558,412.8852299,398.3537345,408.5744067,7379403.643,2184.65,3/15/2011
410.6970897,412.3802745,407.4429324,408.4060882,3104044.202,2183.75,3/16/2011
405.87196,417.6168494,405.1145268,407.985292,8961903.681,2181.5,3/17/2011
407.7047612,410.7344938,400.616683,401.9632308,2578326.525,2149.3,3/18/2011
405.87196,407.4616345,401.4302223,402.9263866,3293328.231,2154.45,3/21/2011
403.796032,406.3956174,400.607332,402.393378,2521220.496,2151.6,3/22/2011
402.0941452,408.0601002,401.1683936,404.7498368,2490207.858,2164.2,3/23/2011
407.5177406,411.2394492,405.5540251,410.098624,2360061.72,2192.8,3/24/2011
412.7543156,425.4717118,411.4451718,423.6108575,4759584.348,2265.05,3/25/2011
423.6015065,432.3914715,423.6015065,429.5394084,5844385.023,2296.75,3/28/2011
432.0174304,434.5983138,427.2764599,431.1103808,5784498.55,2305.15,3/29/2011
432.9525331,442.1165392,431.2693483,437.9085772,5933786.971,2341.5,3/30/2011
439.4982517,448.0824942,431.1010298,438.7221165,10122845.73,2345.85,3/31/2011
440.0593133,442.3035597,434.4486973,436.4591681,2336214.071,2333.75,4/1/2011
437.6280464,449.784381,437.6280464,448.9988948,3380484.437,2400.8,4/4/2011
448.8492784,450.7101327,442.8926744,448.0544411,4498222.671,2395.75,4/5/2011
447.1660936,447.9141757,439.6852723,444.3514345,3459406.253,2375.95,4/6/2011
444.173765,444.7348266,437.5532382,440.3865993,3506566.85,2354.75,4/7/2011
440.2463339,446.0439704,438.5818511,439.947101,4127889.003,2352.4,4/8/2011
434.8601425,437.1698461,428.015191,429.408494,5992924.863,2296.05,4/11/2011
426.3039531,445.7914927,425.4717118,443.0422908,4830378.714,2368.95,4/13/2011
444.173765,447.3531141,438.3761285,441.9482207,4593506.327,2363.1,4/15/2011
444.8844431,448.8212253,430.9607644,432.3540674,5535862.749,2311.8,4/18/2011
437.6280464,441.1440324,434.7198771,439.0307004,3990150.116,2347.5,4/19/2011
441.4713183,446.7920525,439.1242107,443.6033524,3501219.843,2371.95,4/20/2011
445.4829088,452.0099254,445.4829088,450.841047,8664930.941,2410.65,4/21/2011
453.1507506,456.5264712,446.2309909,447.1660936,3380805.257,2391,4/25/2011
446.3338522,448.4471842,437.7215567,441.340404,3380270.557,2359.85,4/26/2011
444.3607856,444.9218472,435.0658651,440.1060685,3821826.352,2353.25,4/27/2011
441.9575717,443.0516418,435.7578411,437.2072502,7156861.234,2337.75,4/28/2011
434.8227384,437.5719402,426.593835,429.3149837,4979560.195,2295.55,4/29/2011
431.2693483,433.0834475,423.0404449,428.3050728,3784718.127,2290.15,5/2/2011
428.00584,429.3336858,415.5970277,418.1124538,5742791.9,2235.65,5/3/2011
419.6740753,427.3699702,412.903932,422.9375836,7063716.381,2261.45,5/4/2011
421.8902686,425.4343077,413.3153772,415.2697417,4999130.239,2220.45,5/5/2011
416.1206851,433.8876357,416.1206851,429.6329186,5761720.303,2297.25,5/6/2011
430.5212662,432.9525331,420.4969656,426.1917408,2084477.006,2278.85,5/9/2011
426.0327734,426.0327734,416.1393872,420.1229245,3487959.267,2246.4,5/10/2011
422.6664038,424.3308865,415.372603,422.8627753,2625807.942,2261.05,5/11/2011
420.7961985,423.5828044,417.9908905,418.9633972,2534160.251,2240.2,5/12/2011
417.4298289,428.2770198,416.2796526,420.99257,3113561.873,2251.05,5/13/2011
419.8610958,423.807229,418.2340172,421.3666111,3352893.883,2253.05,5/16/2011
421.1702395,425.2753402,419.1130137,421.2543988,3267983.421,2252.45,5/17/2011
422.3110648,425.9766672,419.4870547,424.0410047,3708362.874,2267.35,5/18/2011
424.6301194,427.1548966,422.2362566,425.2472871,4016243.507,2273.8,5/19/2011
424.5366091,433.8876357,421.8061093,433.0834475,6370316.58,2315.7,5/20/2011
429.2121224,429.9228005,420.0387653,423.5454003,5371816.59,2264.7,5/23/2011
421.5442806,428.7445711,420.4595615,421.7874073,2407436.198,2255.3,5/24/2011
420.7961985,423.9755475,419.926553,421.684546,2222964.474,2254.75,5/25/2011
421.7313011,425.8457528,418.9259931,423.45189,5320164.508,2264.2,5/26/2011
423.5828044,432.3914715,423.1433061,430.82985,3117839.479,2303.65,5/27/2011
430.8953072,435.3089918,429.6516207,431.5685811,2098486.163,2307.6,5/30/2011
434.8040364,450.476357,432.9525331,448.7651191,9462383.488,2399.55,5/31/2011
446.979073,450.1584221,444.1270099,448.5126414,3513838.778,2398.2,6/1/2011
456.1340831,458.3904946,454.1875649,457.1509209,3470922.196,2360.3,6/2/2011
457.0831317,459.1942807,454.8654568,456.4633448,3091849.95,2356.75,6/3/2011
454.2456699,462.9033178,454.2456699,461.208588,3016675.721,2381.25,6/6/2011
458.0806012,463.0388961,457.8288128,460.2885919,2097959.904,2376.5,6/7/2011
456.356819,459.4170166,454.8073518,456.1728197,2653402.455,2355.25,6/8/2011
456.075978,459.9205935,453.509673,457.6351294,1667566.791,2362.8,6/9/2011
458.642283,459.9012251,451.3210507,457.5673402,2257188.834,2362.45,6/10/2011
455.7660846,460.9664838,454.022934,459.5332267,2022682.414,2372.6,6/13/2011
460.579117,464.4527849,458.1580745,461.4506923,3209671.098,2382.5,6/14/2011
460.9664838,464.0266815,458.4485996,459.5719633,3634178.316,2372.8,6/15/2011
457.8675495,459.4170166,452.8414653,453.8001981,2174992.836,2343,6/16/2011
455.2528236,458.2742846,451.9892584,455.0204035,3669183.898,2349.3,6/17/2011
453.6355672,457.3736568,440.0389928,445.2781287,4033799.561,2299,6/20/2011
445.8591789,453.9938815,445.8591789,450.4204229,2622217.542,2325.55,6/21/2011
451.7568383,454.7298784,447.8734862,449.8684252,1596109.969,2322.7,6/22/2011
449.1517966,453.1126221,447.408646,452.0086267,2134204.621,2333.75,6/23/2011
454.9622985,462.8936336,453.5193572,461.5765865,4278941.896,2383.15,6/24/2011
461.547534,471.0089679,459.5429108,467.9681386,5295239.645,2416.15,6/27/2011
470.5344436,470.6506536,465.7214112,469.304554,3147817.577,2423.05,6/28/2011
471.6190706,484.014808,471.6190706,482.0973424,5293380.941,2489.1,6/29/2011
484.014808,489.0408921,479.5891424,487.2202682,6929143.251,2515.55,6/30/2011
491.9558272,493.4278211,479.9474567,484.4505956,3434677.478,2501.25,7/1/2011
490.9874103,492.343194,486.6101655,490.4450968,3697580.757,2532.2,7/4/2011
488.4695261,494.280028,487.0169006,492.1785632,2746027.845,2541.15,7/5/2011
490.9874103,495.8294952,487.1137423,492.9823492,3042491.047,2545.3,7/6/2011
493.137296,498.725062,490.8227794,496.9528589,3814988.859,2565.8,7/7/2011
496.9915956,500.3423183,494.6092898,495.6648643,3895326.153,2559.15,7/8/2011
495.6358118,496.6235971,487.1331107,488.9246821,2050976.011,2524.35,7/11/2011
486.1453254,486.1453254,476.4998922,480.2864026,3800429.015,2479.75,7/12/2011
482.2716574,489.8156257,479.9571408,488.0240543,1921073.291,2519.7,7/13/2011
489.147418,497.0884373,483.046391,489.9705724,2414765.583,505.95,7/14/2011
490.4547809,494.3284489,487.1137423,492.8758234,1417261.391,508.95,7/15/2011
495.7810743,502.5115724,491.9558272,498.783167,1603028.476,515.05,7/18/2011
501.1557886,502.6084141,492.2947732,494.7158156,4402132.631,510.85,7/19/2011
500.0905299,500.0905299,486.1453254,487.210584,1912502.603,503.1,7/20/2011
488.8568929,488.9537346,478.882198,480.6253485,3325220.496,496.3,7/21/2011
484.2084914,491.0358311,483.0948119,485.7095377,3261508.272,501.55,7/22/2011
485.7095377,490.5032018,481.448503,489.2442597,3451612.332,505.2,7/25/2011
489.3895222,494.0863446,479.6085107,482.41692,2731571.262,498.15,7/26/2011
483.5790203,488.0337385,476.4611555,486.1937462,2855794.61,502.05,7/27/2011
483.7242829,483.7242829,469.2948699,471.9095957,5529023.236,487.3,7/28/2011
474.4274799,474.4274799,465.9054104,471.4253872,3095360.835,486.8,7/29/2011
477.8653601,480.2864026,469.1980282,472.5874876,2274123.688,488,8/1/2011
472.4906459,472.4906459,464.8401517,467.6001401,2047052.081,482.85,8/2/2011
463.5812097,473.9432714,460.9664838,466.8254065,2150416.646,482.05,8/3/2011
468.8106614,473.4590629,459.9980668,461.4022714,1889268.809,476.45,8/4/2011
450.313897,460.7728004,442.6634028,458.1096537,3258926.739,473.05,8/5/2011
448.377063,464.8401517,443.583399,447.5054877,4448806.74,462.1,8/8/2011
435.7876422,458.5938622,435.6423797,449.7812676,4637361.88,464.45,8/9/2011
479.1727231,479.1727231,458.4485996,464.74331,3373753.309,479.9,8/10/2011
463.5812097,469.3917115,459.9980668,464.7917309,2170862.384,479.95,8/11/2011
469.7790783,470.6506536,449.4423217,453.2675688,2946354.774,468.05,8/12/2011
463.2906846,463.2906846,440.2907812,442.0339318,3155252.391,456.45,8/16/2011
441.646565,457.5286035,441.5013024,452.7349394,3236415.775,467.5,8/17/2011
453.509673,459.8528043,444.0676074,447.7960128,5908715.049,462.4,8/18/2011
440.6297272,448.8612715,435.7876422,446.2949665,4626312.921,460.85,8/19/2011
445.5202329,449.2970592,436.4655341,438.741314,3074295.529,453.05,8/22/2011
442.9539279,447.8928545,431.2360824,444.8907619,4167832.733,459.4,8/23/2011
443.5349781,447.7960128,438.2086847,441.5981441,3289492.085,456,8/24/2011
444.8907619,444.8907619,426.7813643,429.6381944,5989362.127,443.65,8/25/2011
429.9771404,436.3202716,422.375067,425.0866346,2200395.117,438.95,8/26/2011
430.4613488,443.4865573,429.1539859,442.0339318,2994577.802,456.45,8/29/2011
447.3602252,459.9980668,444.3097117,457.044395,4024402.782,471.95,8/30/2011
468.7138197,468.7138197,453.2191479,457.8675495,3921554.524,472.8,9/2/2011
454.9622985,459.0296498,448.0381171,455.3980861,3046311.715,470.25,9/5/2011
453.8001981,461.3538506,445.4718121,457.8675495,4610720.464,472.8,9/6/2011
460.9664838,474.4759007,457.9159703,472.6843293,3806831.216,488.1,9/7/2011
474.2337965,474.2337965,464.0169973,468.4232946,2107563.205,483.7,9/8/2011
468.616978,470.3601285,455.8338738,458.3033371,2667032.948,473.25,9/9/2011
452.250731,456.3180823,447.8928545,454.5265109,1803252.144,469.35,9/12/2011
456.1243989,460.7728004,449.34548,452.9286228,1852404.524,467.7,9/13/2011
452.6380977,467.8422444,446.4886499,463.774893,2000377.972,478.9,9/14/2011
470.5538119,472.6359084,456.7054491,469.3432907,2255330.13,484.65,9/15/2011
470.8927579,474.5243216,461.2570089,468.4232946,2825952.094,483.7,9/16/2011
466.680144,471.6190706,462.0317425,469.4401324,2165699.319,484.75,9/19/2011
469.6822366,477.6716768,467.7454027,475.8316845,3055295.449,491.35,9/20/2011
477.1874683,481.9327115,472.9748544,478.882198,3327905.29,494.5,9/21/2011
472.4906459,473.5559046,450.7981055,457.383341,2630788.23,472.3,9/22/2011
453.7517773,455.1559819,438.2086847,441.9855109,8496133.532,456.4,9/23/2011
441.5981441,443.1960322,425.5708431,435.8844839,7172736.666,450.1,9/26/2011
443.5349781,447.3118043,439.7581519,443.0023488,4136338.035,457.45,9/27/2011
447.7960128,450.6528429,437.482372,443.5349781,3930021.951,458,9/28/2011
443.0991905,459.8043834,438.3539473,455.7370321,8398448.339,470.6,9/29/2011
451.1370514,459.8043834,449.7328468,452.880202,4912346.731,467.65,9/30/2011
445.6170746,450.2170553,436.513955,441.646565,4681867.502,456.05,10/3/2011
438.2086847,441.5981441,426.5876809,434.7223836,3862695.581,448.9,10/4/2011
434.7708044,441.8402484,422.7624338,424.8445303,4268512.504,438.7,10/5/2011
438.4023681,445.4718121,432.1076577,435.7876422,4875688.969,450,10/7/2011
437.7244762,443.5349781,435.8360631,440.3392021,6228102.261,454.7,10/10/2011
446.149704,450.2170553,440.7749897,443.0507696,2578228.226,457.5,10/11/2011
447.3602252,455.0591402,439.1286808,452.3959935,4630030.328,467.15,10/12/2011
459.9980668,461.1601672,452.8317811,455.7854529,3028963.816,470.65,10/13/2011
454.1875649,461.3538506,450.6528429,458.9328081,1721882.236,473.9,10/14/2011
461.547534,465.3243602,457.4317618,462.9517386,1829583.776,478.05,10/17/2011
458.9328081,466.1959355,457.0928159,463.0485803,2093313.145,478.15,10/18/2011
467.6969818,478.9790397,464.1622598,476.315893,4486187.332,491.85,10/19/2011
472.5874876,476.8485223,465.4212019,474.0885339,2930968.839,489.55,10/20/2011
474.5727424,476.2674721,468.0359278,471.6190706,2364993.635,487,10/21/2011
477.1874683,481.3032404,467.6969818,469.0527656,2515135.57,484.35,10/24/2011
472.442225,475.2506343,434.3834376,453.2191479,21331203.78,468,10/25/2011
457.0928159,459.9012251,455.1559819,457.0928159,515273.9046,472,10/26/2011
470.6506536,478.882198,464.5980475,467.4064567,4656671.744,482.65,10/28/2011
467.7454027,476.2190513,462.0801633,474.5243216,3317579.16,490,10/31/2011
469.7790783,477.4295725,464.8401517,467.0675108,3433231.82,482.3,11/1/2011
463.5812097,472.5874876,462.4191093,467.8422444,2610342.492,483.1,11/2/2011
465.8085687,469.5369741,457.1896576,466.6317231,2712054.876,481.85,11/3/2011
471.3285455,472.4906459,465.1306768,467.7454027,1756268.25,483,11/4/2011
467.7454027,471.9580166,463.3875263,468.9559239,2166628.671,484.25,11/8/2011
469.6822366,470.3601285,460.2885919,462.177005,2221357.162,477.25,11/9/2011
460.6275379,463.2906846,447.9896962,449.3939009,2377591.514,464.05,11/11/2011
455.0591402,464.6948892,454.1391441,456.5117657,3156801.31,471.4,11/14/2011
455.8338738,462.7096344,455.0591402,457.3349201,3005936.546,472.25,11/15/2011
455.1559819,457.0928159,445.7623372,450.9917889,1837431.635,465.7,11/16/2011
448.5223256,455.1559819,442.1791943,444.842341,2782169.301,459.35,11/17/2011
440.8234106,447.0212792,435.8844839,443.8255032,3025659.455,458.3,11/18/2011
441.5981441,441.5981441,426.1034724,430.6066114,2631614.32,444.65,11/21/2011
432.8823913,435.3034338,426.1034724,430.0255612,3928576.293,444.05,11/22/2011
427.7982021,427.7982021,401.1183143,412.6424764,6599842.954,426.1,11/23/2011
415.2572022,421.2613875,398.309905,416.0803566,7456705.25,429.65,11/24/2011
414.2403644,421.1645458,405.8151366,417.2908779,4880748.773,430.9,11/25/2011
422.2298045,430.8971365,420.3898122,426.9266269,2811702.034,440.85,11/28/2011
429.9771404,431.4781867,418.54982,421.4550709,3828619.351,435.2,11/29/2011
415.644569,435.4486963,415.644569,428.5245149,7283639.306,442.5,11/30/2011
444.4549742,452.250731,435.2550129,439.1771017,3595971.634,453.5,12/1/2011
440.7749897,453.1223062,438.8381557,451.282314,2900816.539,466,12/2/2011
449.0549549,452.6865186,443.5349781,447.747592,2259667.105,462.35,12/5/2011
447.747592,447.747592,447.747592,447.747592,0,462.35,12/6/2011
455.1559819,456.0275572,447.5054877,452.3475727,2884294.73,467.1,12/7/2011
452.250731,452.9286228,436.8529009,439.4192059,3241578.84,453.75,12/8/2011
432.8823913,436.9497426,426.5876809,429.7350361,3512639.762,443.75,12/9/2011
433.94765,436.7076384,412.8361598,418.4045574,3116116.357,432.05,12/12/2011
414.4824686,431.3329241,412.5456347,424.5540052,3853092.28,438.4,12/13/2011
425.1350554,429.7350361,416.6614068,420.6319165,6274776.37,434.35,12/14/2011
415.4508856,422.2298045,413.5140516,417.7266655,6959811.858,431.35,12/15/2011
420.3898122,426.5876809,397.0509629,402.1835729,7596108.01,415.3,12/16/2011
399.0362178,399.9562139,387.6088974,393.177295,8348986.174,406,12/19/2011
393.177295,408.2845999,391.240461,401.1183143,5158728.202,414.2,12/20/2011
412.5456347,425.5224222,404.6046154,421.6971751,3868891.259,435.45,12/21/2011
417.8719281,430.7518739,415.2572022,428.8634608,3504688.642,442.85,12/22/2011
430.1708237,432.3981828,422.2298045,423.7308508,1769692.22,437.55,12/23/2011
425.1350554,431.3329241,423.2466423,429.6866153,1178314.735,443.7,12/26/2011
426.3939975,429.5897736,421.9392794,425.8129473,1624816.611,439.7,12/27/2011
428.5245149,429.0087234,419.3729744,425.909789,1979519.189,439.8,12/28/2011
421.8908585,428.0403064,412.5456347,416.0319358,2821718.38,429.6,12/29/2011
420.0992871,420.2929705,408.7688084,413.3687891,1981687.676,426.85,12/30/2011
415.3540439,416.2256192,406.2509243,413.3687891,1814714.148,426.85,1/2/2012
417.7750864,426.9750477,416.4193026,425.280318,1775681.375,439.15,1/3/2012
427.9434647,430.8971365,417.242457,429.2992485,2515135.57,443.3,1/4/2012
429.9771404,432.5918662,426.3939975,429.6381944,1745425.814,443.65,1/5/2012
427.0718894,442.7118237,425.0866346,438.9834183,2053454.282,453.3,1/6/2012
437.6276345,442.6634028,431.9139743,441.307619,2184905.921,455.7,1/9/2012
445.4718121,447.6991711,441.5981441,445.181287,2318835.832,459.7,1/10/2012
445.9560206,449.34548,440.6297272,448.0381171,1992633.374,462.65,1/11/2012
447.1181209,454.2844066,446.6339125,451.911785,2058823.87,466.65,1/12/2012
455.1559819,458.1096537,446.4886499,454.7686151,1905584.095,469.6,1/13/2012
452.0570476,453.0738854,443.7770824,445.9560206,1647843.882,460.5,1/16/2012
449.2486383,454.1875649,448.377063,453.6065147,1890198.161,468.4,1/17/2012
457.9643912,470.0696034,454.7686151,466.680144,5198483.804,481.9,1/18/2012
470.6506536,474.7664258,465.1306768,471.4253872,4347817.185,486.8,1/19/2012
474.5243216,477.8653601,465.2759394,475.0569509,3714825.394,490.55,1/20/2012
470.6506536,472.3453833,465.711727,468.7138197,1944823.391,484,1/23/2012
469.9243409,477.5264142,465.3727811,473.3622212,3888717.43,488.8,1/24/2012
474.7664258,477.4295725,470.4085494,474.718005,3825521.512,490.2,1/25/2012
474.718005,474.718005,474.718005,474.718005,0,490.2,1/26/2012
487.9853176,488.0821593,464.5012058,468.9075031,3840700.923,484.2,1/27/2012
467.6969818,467.7454027,458.0612329,463.9201556,2575027.126,479.05,1/30/2012
468.2296112,479.3664065,464.6948892,476.5579972,2750261.558,492.1,1/31/2012
478.882198,483.9179663,466.1475147,481.448503,3103105.432,497.15,2/1/2012
483.2400744,484.2084914,475.7832636,482.1748157,5896633.477,497.9,2/2/2012
481.7874489,491.9558272,479.6085107,490.2610975,3850304.225,506.25,2/3/2012
493.8926612,499.7031631,484.2084914,491.6653022,4501779.789,507.7,2/6/2012
497.7663291,499.1221129,491.9558272,493.2147693,3117355.492,509.3,2/7/2012
494.5705531,501.4463137,486.8716381,492.3916149,3578210.69,508.45,2/8/2012
489.7284682,509.3389121,489.6800473,506.0462943,4481747.096,522.55,2/9/2012
506.2883986,509.048387,497.7663291,501.1557886,2972583.145,517.5,2/10/2012
502.2694681,508.418916,499.6063214,505.4652442,3772651.724,521.95,2/13/2012
505.9978735,507.2568156,498.783167,501.5431554,3385628.359,517.9,2/14/2012
504.0610395,518.0062441,500.9136843,516.2146727,5002803.633,533.05,2/15/2012
514.2294179,520.8630742,506.7241862,509.8231206,2097237.075,526.45,2/16/2012
514.4715221,516.1662518,503.6736727,511.614692,3670836.079,528.3,2/17/2012
511.614692,511.614692,511.614692,511.614692,0,528.3,2/20/2012
509.3873329,516.6504603,504.0610395,515.2462557,3828619.351,532.05,2/21/2012
513.2610009,521.879912,510.016804,514.6652055,3594216.192,531.45,2/22/2012
510.5494333,519.0230819,510.5494333,516.3115144,4413284.852,533.15,2/23/2012
510.5494333,518.4904526,499.0736921,508.07997,4228550.379,524.65,2/24/2012
510.2589082,514.6652055,495.9747577,499.3157963,3955217.709,515.6,2/27/2012
502.8505183,516.5536186,496.9915956,513.7452094,3820874.753,530.5,2/28/2012
517.0378271,522.848329,497.1368581,500.7684218,5160070.599,517.1,2/29/2012
500.6715801,505.8041901,489.3411014,497.7663291,3149056.712,514,3/1/2012
497.7663291,508.418916,491.713723,502.3663098,2095275.11,518.75,3/2/2012
503.576831,504.4968272,489.5832056,494.8126573,2594750.035,510.95,3/5/2012
493.6989778,504.545248,487.3558466,491.3747771,2993751.712,507.4,3/6/2012
490.8421477,501.6399971,481.8358698,499.3642172,1956182.134,515.65,3/7/2012
499.3642172,499.3642172,499.3642172,499.3642172,0,515.65,3/8/2012
505.513665,510.3557499,503.2378851,506.6757654,2404645.975,523.2,3/9/2012
517.1346688,517.6188773,500.6715801,502.5599932,2895756.735,518.95,3/12/2012
506.482082,510.8399584,503.915777,507.8378658,2860131.585,524.4,3/13/2012
511.4210086,513.2610009,504.9810357,511.5178503,3025762.716,528.2,3/14/2012
511.3241669,513.2610009,492.9726651,494.6673948,3856499.903,510.8,3/15/2012
493.8926612,508.3220743,489.0505763,491.8105647,3307046.507,507.85,3/16/2012
493.9410821,493.9410821,479.4632482,483.0948119,3949641.599,498.85,3/19/2012
480.3348235,494.7158156,477.4295725,489.4379431,1632561.209,505.4,3/20/2012
487.1137423,501.4947345,487.1137423,499.3642172,3103311.955,515.65,3/21/2012
497.6694874,505.9010318,484.3053331,488.3242636,2911968.76,504.25,3/22/2012
493.4084527,502.3663098,485.1284875,497.7179083,2077307.643,513.95,3/23/2012
497.2821207,500.1873716,489.6800473,495.4905492,2538369.363,511.65,3/26/2012
498.7347461,505.3199816,495.8294952,502.4631515,3060974.82,518.85,3/27/2012
502.1242056,502.1242056,493.9410821,497.2336998,2245726.829,513.45,3/28/2012
491.9558272,497.8631708,489.0505763,493.9895029,4188484.994,510.1,3/29/2012
495.8294952,507.3052364,493.650557,503.4315685,2887392.569,519.85,3/30/2012
501.6399971,513.21258,499.8000048,511.6631128,1427794.044,528.35,4/2/2012
516.1662518,519.4588696,511.3241669,513.4546843,3335546.627,530.2,4/3/2012
508.6610202,512.2925839,507.8378658,509.9199623,1077738.225,526.55,4/4/2012
509.9199623,509.9199623,509.9199623,509.9199623,0,526.55,4/5/2012
509.9199623,509.9199623,509.9199623,509.9199623,0,526.55,4/6/2012
507.2083947,509.677858,503.576831,505.2715608,1300163.073,521.75,4/9/2012
506.8694488,509.3873329,499.5579006,508.2736534,1506066.112,524.85,4/10/2012
505.3684025,514.180997,500.7684218,509.8231206,1926649.401,526.45,4/11/2012
508.418916,517.6188773,507.7410241,513.6483677,3124480.522,530.4,4/12/2012
519.4588696,520.7662325,507.3536573,512.6315298,2538472.625,529.35,4/13/2012
512.1957422,514.2294179,507.5473407,513.0188966,4490834.09,529.75,4/16/2012
515.1978348,518.9746611,504.6420897,513.5031051,4044125.691,530.25,4/17/2012
516.1662518,522.848329,516.1662518,520.6693908,3097839.106,537.65,4/18/2012
522.9451707,538.0524756,520.2336031,536.5514293,4225039.495,554.05,4/19/2012
534.8082787,540.3766764,529.1914602,533.6945992,4059408.364,551.1,4/20/2012
534.5177536,538.4398424,526.1409467,528.1262016,2178193.937,545.35,4/23/2012
528.8525143,529.2398811,522.3641205,524.7367421,2261525.809,541.85,4/24/2012
526.8188386,532.145132,521.0083367,529.3851436,2782375.824,546.65,4/25/2012
527.7872556,532.5809197,521.9767537,523.4293792,2410841.653,540.5,4/26/2012
524.8820047,528.7556726,517.3283522,524.0588502,1174287.544,541.15,4/27/2012
526.6251552,531.6609235,523.2841166,525.3662132,1558935.899,542.5,4/30/2012
525.3662132,525.3662132,525.3662132,525.3662132,0,542.5,5/1/2012
523.6230626,533.5977575,523.6230626,532.5324988,2317699.958,549.9,5/2/2012
528.2714641,540.3766764,528.2230433,536.5514293,3540417.053,554.05,5/3/2012
533.7914409,536.2124834,517.7641398,520.5241282,3188605.792,537.5,5/4/2012
515.1009931,517.6672981,500.0905299,515.4399391,4314360.523,532.25,5/7/2012
516.0694101,519.4588696,497.0400164,499.0736921,2912691.589,515.35,5/8/2012
497.475804,506.0947152,489.4379431,496.4589662,3878391.299,512.65,5/9/2012
494.909499,506.3852403,493.8926612,501.1557886,3119523.98,517.5,5/10/2012
497.0400164,503.576831,492.1495106,494.4252906,2078133.734,510.55,5/11/2012
494.618974,495.6358118,478.4464103,484.7411207,2848669.58,500.55,5/14/2012
480.3348235,488.517947,480.3348235,483.3369161,2070182.613,499.1,5/15/2012
478.3979895,482.9495493,470.6506536,479.5600899,4378485.792,495.2,5/16/2012
481.3032404,490.5032018,479.3664065,482.077974,2999327.822,497.8,5/17/2012
474.3306382,487.9853176,473.5559046,484.7411207,2481988.692,500.55,5/18/2012
484.4505956,491.8105647,478.3495686,481.7390281,2205145.137,497.45,5/21/2012
487.8884759,489.0505763,471.5706498,473.7980088,2864675.082,489.25,5/22/2012
474.5243216,477.3327308,466.9706691,471.812754,3277410.513,487.2,5/23/2012
477.4295725,486.8232172,469.6822366,483.9179663,2978882.084,499.7,5/24/2012
484.014808,487.2590049,479.9474567,484.2084914,2889870.841,500,5/25/2012
485.3705918,494.4737114,484.2084914,492.68214,3151225.2,508.75,5/28/2012
494.0379238,495.7810743,486.242167,489.0021555,2729402.775,504.95,5/29/2012
484.2569122,489.4379431,480.8674528,484.8379624,2624695.813,500.65,5/30/2012
480.3348235,492.8274025,479.7053524,490.2126767,4914928.264,506.2,5/31/2012
488.0821593,491.1326728,474.5243216,474.9116884,3022561.616,490.4,6/1/2012
472.5874876,482.7558659,469.7306575,479.9958775,2932827.543,495.65,6/4/2012
484.2084914,488.9537346,482.7074451,485.6611169,2764924.663,501.5,6/5/2012
488.9053138,506.482082,487.5979508,503.4799893,6477478.309,519.9,6/6/2012
507.6441824,522.4609622,506.482082,520.8146533,5111537.786,537.8,6/7/2012
523.816746,525.6083174,514.180997,522.0735954,4988140.528,539.1,6/8/2012
524.0104294,531.5640818,521.3957035,524.8335838,3374476.138,541.95,6/11/2012
521.7830703,533.452495,520.9599159,532.2419737,2905153.513,549.6,6/12/2012
533.5977575,534.9535413,522.7514873,524.6399004,2081851.14,541.75,6/13/2012
522.9451707,530.1114564,515.8273059,517.5220356,2231063.724,534.4,6/14/2012
518.1030858,532.3388154,518.0546649,530.2567189,2563978.167,547.55,6/15/2012
534.5661745,534.5661745,512.8252132,518.0546649,2900919.8,534.95,6/18/2012
517.9094024,521.9767537,509.677858,519.5072904,3061800.911,536.45,6/19/2012
520.0399197,523.4293792,511.8567962,517.3283522,2461336.431,534.2,6/20/2012
516.1662518,527.4967305,514.5199429,525.7535799,2749951.774,542.9,6/21/2012
518.1999275,527.8840973,518.1999275,527.1577846,1592495.823,544.35,6/22/2012
528.1746224,531.176715,518.1030858,519.7493947,1645675.394,536.7,6/25/2012
521.0083367,530.6925066,519.3620279,526.2862093,1510919.393,543.45,6/26/2012
528.7556726,537.1809003,528.7556726,531.6609235,3081627.081,549,6/27/2012
533.8082597,539.4206157,530.2456338,535.3699588,3110048.617,548.5,6/28/2012
538.8837817,551.3773742,538.8349786,550.0596906,3242314.817,563.55,6/29/2012
550.4989184,561.2355995,546.5946708,560.2107345,2100583.963,573.95,7/2/2012
562.1140552,566.115909,558.0145952,562.0652521,2168612.435,575.85,7/3/2012
562.8949047,566.9455617,561.8700397,564.1637852,3281041.869,578,7/4/2012
564.066179,570.9962186,561.6748273,570.1177629,2146687.596,584.1,7/5/2012
568.1656391,574.9004662,564.6518162,567.5800019,4031813.916,581.5,7/6/2012
566.0671059,567.8240174,555.4768342,564.3101945,1962170.613,578.15,7/9/2012
566.115909,578.1214706,563.6757543,574.5588446,3468734.88,588.65,7/10/2012
572.8507362,579.5855634,571.0938248,572.9483424,3150210.004,587,7/11/2012
569.9225505,576.7549839,561.8212366,566.2135152,1942397.277,580.1,7/12/2012
570.9962186,577.2430148,568.5072607,572.9971455,2435398.79,587.05,7/13/2012
573.9244043,578.5118953,567.140774,568.7024731,3291287.12,582.65,7/16/2012
572.9483424,574.6564508,564.7494224,569.2881103,2187156.341,583.25,7/17/2012
570.7034,574.6076477,566.2135152,572.9483424,1823040.094,587,7/18/2012
574.5100415,576.6573777,571.5330527,575.290891,1229532.661,589.4,7/19/2012
574.9004662,574.9004662,567.091971,568.65367,1067760.136,582.6,7/20/2012
563.5781481,566.115909,557.3801549,559.2834757,1560966.555,573,7/23/2012
558.8442478,563.6269512,556.5505023,560.3083407,1358827.738,574.05,7/24/2012
560.6987654,566.8967586,559.966719,562.2604645,2257951.03,576.05,7/25/2012
564.1637852,564.8958316,549.5228565,552.2558299,4534855.776,565.8,7/26/2012
558.3074137,574.6076477,551.1333587,570.6057938,3440048.175,584.6,7/27/2012
573.0459486,577.7310458,570.0201567,573.1923579,2168407.53,587.25,7/30/2012
575.8765282,575.8765282,565.9694998,573.6803889,2149248.909,587.75,7/31/2012
571.5330527,574.266026,563.7733605,572.4603115,2015958.184,586.5,8/1/2012
572.4603115,575.0956786,563.4805419,568.5560638,1763515.181,582.5,8/2/2012
567.091971,574.9004662,565.8718936,574.1196167,2548813.727,588.2,8/3/2012
578.9511232,587.5892711,578.8047139,585.8811628,3157791.49,600.25,8/6/2012
587.5892711,587.8820897,582.7089615,585.7347535,2875944.615,600.1,8/7/2012
585.6371473,587.5892711,580.4640191,584.5634792,2062574.08,598.9,8/8/2012
586.6132092,592.4695807,584.1730544,590.1758352,2528733.034,604.65,8/9/2012
585.6371473,592.3719745,585.2955256,587.7356804,3874549.302,602.15,8/10/2012
585.6371473,594.9097354,585.6371473,592.9088085,2157035.301,607.45,8/13/2012
592.5183838,594.4217045,588.8093485,593.5920519,2875124.995,608.15,8/14/2012
593.5920519,593.5920519,593.5920519,593.5920519,0,608.15,8/15/2012
593.4456426,593.5920519,583.5386142,585.6859504,2085728.348,600.05,8/16/2012
584.2706606,587.8332866,577.6334396,580.8544439,1968625.121,595.1,8/17/2012
580.8544439,580.8544439,580.8544439,580.8544439,0,595.1,8/20/2012
580.7568377,584.1730544,574.1196167,582.1233244,2136339.892,596.4,8/21/2012
580.1712006,586.0763751,577.1942117,582.6113554,2453942.696,596.9,8/22/2012
585.0515101,590.078229,581.0008532,583.3922049,2413986.214,597.7,8/23/2012
579.2927449,586.027572,579.0487294,582.0257182,1718128.716,596.3,8/24/2012
580.7568377,584.5634792,577.8774551,580.1223975,1036409.666,594.35,8/27/2012
578.7071077,580.3176099,572.4603115,575.2420879,2278441.534,589.35,8/28/2012
575.1444817,581.5376873,572.216296,574.4612384,1723661.152,588.55,8/29/2012
571.9722805,587.5892711,571.9722805,581.6352934,5818380.914,595.9,8/30/2012
576.2181498,585.6371473,575.1444817,581.0984594,3203280.408,595.35,8/31/2012
583.2457956,583.4898111,573.9244043,576.315756,1905002.108,590.45,9/3/2012
576.4133622,578.1702737,573.1435548,575.9741344,1478492.278,590.1,9/4/2012
573.9244043,581.7328996,573.2899641,577.9262582,3114146.718,592.1,9/5/2012
575.9741344,579.2927449,572.0698867,574.0708136,1305552.429,588.15,9/6/2012
580.0247913,580.7568377,571.6794619,576.2669529,2869899.916,590.4,9/7/2012
577.340621,582.7089615,575.2420879,576.9989994,1545701.129,591.15,9/10/2012
574.6564508,582.7089615,569.3857164,580.1712006,1616495.819,594.4,9/11/2012
581.0008532,585.6371473,579.6831696,584.8562978,1636883.87,599.2,9/12/2012
586.6132092,587.1012402,579.3415479,584.8562978,870743.9451,599.2,9/13/2012
592.0791559,600.0340605,586.5644061,598.0819367,6600810.789,612.75,9/14/2012
604.1823236,605.1095824,591.0054878,593.7384612,5400989.358,608.3,9/17/2012
593.7384612,597.3498902,589.3949856,590.9566847,2571250.828,605.45,9/18/2012
590.9566847,590.9566847,590.9566847,590.9566847,0,605.45,9/19/2012
587.5892711,595.3977664,586.6132092,592.3719745,2687124.625,606.9,9/20/2012
594.1288859,613.9429427,590.615063,610.1851044,6045415.692,625.15,9/21/2012
610.526726,621.6538318,607.8913589,619.7993142,4501456.255,635,9/24/2012
617.8471904,623.6059557,611.1611663,621.6538318,2993150.295,636.9,9/25/2012
619.6529049,621.3610133,609.2090425,615.6510511,2748391.231,630.75,9/26/2012
617.8471904,621.751438,610.2339075,615.6998542,4062652.123,630.8,9/27/2012
616.7735223,619.1160709,611.1123632,614.089352,2819390.825,629.15,9/28/2012
613.9429427,616.8711285,605.1583855,607.940162,2062983.89,622.85,10/1/2012
607.940162,607.940162,607.940162,607.940162,0,622.85,10/2/2012
609.0626332,611.7956065,603.1574586,604.6215515,2825640.429,619.45,10/3/2012
606.6224784,618.7256461,606.5736753,616.1878851,3240573.124,631.3,10/4/2012
622.7274999,623.3619402,492.9600687,607.5009341,3828343.216,622.4,10/5/2012
608.965027,608.965027,601.7909719,605.8416289,2379562.168,620.7,10/8/2012
609.989892,615.4070356,607.1105093,610.7707415,1104028.327,625.75,10/9/2012
609.0626332,609.0626332,601.4493503,603.1574586,1100032.679,617.95,10/10/2012
606.2808567,612.7716684,603.6454896,609.8922858,2513365.156,624.85,10/11/2012
614.9190046,619.7993142,611.014757,616.0414758,3971674.288,631.15,10/12/2012
617.2615532,619.701708,607.6961465,618.9696616,1939426.154,634.15,10/15/2012
620.0433297,620.2873452,613.064487,615.3094294,1862996.576,630.4,10/16/2012
616.8711285,617.3591594,611.502788,613.064487,1647846.289,628.1,10/17/2012
614.9190046,622.6298938,609.501861,620.9705885,1439048.059,636.2,10/18/2012
616.8711285,619.7993142,611.9908189,613.4549118,2319320.088,628.5,10/19/2012
610.2339075,624.6796238,610.2339075,623.7035619,2110829.215,639,10/22/2012
623.752365,624.1915928,617.3591594,618.9208585,2134290.842,634.1,10/23/2012
618.9208585,618.9208585,618.9208585,618.9208585,0,634.1,10/24/2012
617.5055687,625.6556857,613.9429427,622.0930597,4357100.658,637.35,10/25/2012
622.0930597,622.0930597,622.0930597,622.0930597,0,637.35,10/26/2012
622.5810907,627.1197785,620.3361483,625.2652609,1411795.689,640.6,10/29/2012
621.8002411,629.3647209,615.5046418,618.4816306,2262868.751,633.65,10/30/2012
618.9208585,620.6777699,614.9678077,619.0184647,1919140.555,634.2,10/31/2012
617.6031749,620.4825575,612.4788499,613.552518,1807877.121,628.6,11/1/2012
622.7274999,622.7274999,612.9668808,615.2118232,1391407.638,630.3,11/2/2012
616.8711285,620.7753761,615.6510511,619.7993142,1030160.062,635,11/5/2012
618.7744492,625.8508981,618.7744492,624.2403959,1864123.553,639.55,11/6/2012
624.4356083,629.5599333,621.6538318,624.7284269,2100379.058,640.05,11/7/2012
621.2634071,625.6556857,620.2873452,623.7035619,990613.3904,639,11/8/2012
622.9715154,627.6078095,619.7993142,624.0451835,1132202.769,639.35,11/9/2012
621.9954535,638.1492782,621.9954535,635.7091234,2473511.127,651.3,11/12/2012
635.7091234,635.7091234,635.7091234,635.7091234,0,651.3,11/13/2012
635.7091234,635.7091234,635.7091234,635.7091234,0,651.3,11/14/2012
631.5120572,631.9024819,623.7035619,630.7800107,2418391.672,646.25,11/15/2012
627.6078095,633.0737562,624.8260331,626.8757631,3099905.818,642.25,11/16/2012
624.4356083,632.3905129,624.1427897,631.2680417,1482385.474,646.75,11/19/2012
633.5617872,640.1990082,632.7321345,638.1980813,2395647.213,653.85,11/20/2012
639.4669617,649.5692025,634.1474243,647.8122911,3311675.171,663.7,11/21/2012
650.838083,655.0839523,648.1051097,653.0830254,2161953.021,669.1,11/22/2012
653.4734502,656.4992421,643.2736032,653.7174657,1344586.838,669.75,11/23/2012
656.8896669,657.5729102,644.2984682,646.0553796,1403906.845,661.9,11/26/2012
648.9835654,667.4311355,648.9835654,664.2101312,4226781.056,680.5,11/27/2012
664.2101312,664.2101312,664.2101312,664.2101312,0,680.5,11/28/2012
661.2819455,686.9035707,659.2322155,683.0969292,6454303.689,699.85,11/29/2012
684.2194004,688.611679,673.0922946,687.098783,4005688.524,703.95,11/30/2012
683.2433385,684.3658097,667.6263479,670.5057305,2980343.73,686.95,12/3/2012
667.7239541,673.4827194,664.7469653,668.7488191,2223014.722,685.15,12/4/2012
672.5066575,678.3630289,670.5545336,676.0204803,2361428.073,692.6,12/5/2012
679.1438785,681.7792456,664.5029498,678.1190135,2792958.076,694.75,12/6/2012
678.6070444,681.2912147,671.5305956,676.5085113,2032760.397,693.1,12/7/2012
673.4827194,679.8271218,673.1410977,676.4109051,2132036.886,693,12/10/2012
678.6070444,682.2672766,669.8712903,674.312372,3457874.913,690.85,12/11/2012
674.7027968,679.3390908,672.0186265,677.2405577,1981534.138,693.85,12/12/2012
677.2405577,679.3390908,672.5066575,674.5075844,1609324.143,691.05,12/13/2012
673.5315225,677.7773918,668.9440315,672.262642,2144740.998,688.75,12/14/2012
671.4329894,671.4329894,657.475304,660.3058836,3132485.718,676.5,12/17/2012
661.7211733,665.8694365,653.7174657,659.7690495,3425704.823,675.95,12/18/2012
658.4025628,672.7506729,658.3537597,671.5305956,4223297.671,688,12/19/2012
669.5784717,670.5545336,663.9661157,667.0407108,2628009.523,683.4,12/20/2012
664.6981622,665.6742241,657.9145319,659.8178526,2839471.519,676,12/21/2012
663.7221003,663.8685095,655.7183926,659.9154588,1404111.75,676.1,12/24/2012
659.9154588,659.9154588,659.9154588,659.9154588,0,676.1,12/25/2012
661.8675826,668.4560005,656.9872731,664.0149188,1465890.618,680.3,12/26/2012
667.6263479,667.6263479,660.5010959,663.8197064,2524942.29,680.1,12/27/2012
664.7957684,666.650286,658.0121381,661.4283548,1799066.205,677.65,12/28/2012
660.7939145,663.7221003,657.8657288,662.3556136,1308113.742,678.6,12/31/2012
665.7718303,668.700016,663.3804786,668.1143789,1032004.207,684.5,1/1/2013
673.3851132,673.4827194,666.6990891,670.8961553,2486829.954,687.35,1/2/2013
673.4827194,673.4827194,664.112525,666.9919077,2341654.737,683.35,1/3/2013
668.6024098,668.6024098,656.6944545,663.08766,2787835.45,679.35,1/4/2013
667.3335293,667.3335293,650.0572335,652.2045697,2818571.205,668.2,1/7/2013
652.0093573,657.2800916,649.7644149,654.2054966,2531806.609,670.25,1/8/2013
655.913605,656.450439,650.1060366,651.5213264,3296819.556,667.5,1/9/2013
653.4734502,661.7699764,650.5452644,659.6226402,2338478.709,675.8,1/10/2013
660.6963083,660.6963083,650.7404768,653.2782378,2633849.316,669.3,1/11/2013
652.1557666,654.4495121,651.1309016,653.2782378,2917232.979,669.3,1/14/2013
654.7423307,659.2810186,649.0811716,652.3021759,2116464.104,668.3,1/15/2013
649.6180056,653.1806316,641.8583134,644.688893,2343703.787,660.5,1/16/2013
641.9559196,654.7911338,638.3932936,650.838083,3289750.333,666.8,1/17/2013
653.9614811,657.8657288,639.613371,646.9826385,5180101.73,662.85,1/18/2013
644.200862,647.5194725,639.076537,642.7855722,2780151.511,658.55,1/21/2013
642.7367691,645.1769239,632.0488912,638.1004751,2173530.156,653.75,1/22/2013
641.2726763,647.1290477,638.6861122,640.8822515,1813307.105,656.6,1/23/2013
639.9061896,646.8850323,639.5645679,644.4936806,1574592.739,660.3,1/24/2013
644.4936806,651.0332954,639.8573865,649.1299747,1431671.478,665.05,1/25/2013
649.325187,655.913605,648.5443375,654.3031028,1887175.37,670.35,1/28/2013
654.6935276,654.8399369,634.4402429,636.8315946,3063740.079,652.45,1/29/2013
637.3684286,642.639163,628.5838714,640.9310546,2571455.733,656.65,1/30/2013
640.8822515,642.151132,624.77723,627.6566126,3557151.403,643.05,1/31/2013
629.3647209,629.413524,620.9705885,624.8260331,2685280.48,640.15,2/1/2013
625.802095,633.9522119,624.6796238,631.414451,2683128.977,646.9,2/4/2013
621.1169978,631.7072695,621.1169978,628.7302807,1910739.449,644.15,2/5/2013
631.1216324,631.414451,621.9466504,624.1915928,2528835.486,639.5,2/6/2013
621.0681947,627.6078095,619.3600863,626.1437166,2326389.312,641.5,2/7/2013
625.1676547,637.7588534,625.1676547,634.489046,4822030.182,650.05,2/8/2013
634.4402429,644.1520589,634.4402429,641.2238732,3884692.101,656.95,2/11/2013
639.9549927,651.0332954,639.9549927,649.276384,4055275.542,665.2,2/12/2013
647.4218663,651.4237202,643.7128311,648.300322,3716157.71,664.2,2/13/2013
648.1051097,662.1604012,646.1529858,658.6465783,4529425.793,674.8,2/14/2013
655.6207864,664.5029498,652.2045697,660.549899,3198670.045,676.75,2/15/2013
661.7699764,664.600556,657.8657288,659.8178526,2425255.991,676,2/18/2013
658.3537597,661.1843393,655.4743771,658.6465783,608260.5956,674.8,2/19/2013
661.2819455,664.5029498,658.7441845,660.7451114,1757470.483,676.95,2/20/2013
658.8417907,661.2331424,648.1539128,650.301249,2784556.969,666.25,2/21/2013
646.3481982,650.4476582,641.8095103,643.5176187,1974260.01,659.3,2/22/2013
647.3730632,649.276384,638.4420967,640.7358422,1934508.433,656.45,2/25/2013
639.1253401,647.1290477,629.9503581,635.6603203,3007596.1,651.25,2/26/2013
636.6851853,638.3444905,625.5580795,627.363794,3296717.104,642.75,2/27/2013
631.4632541,639.2717494,604.5239453,610.3803168,7142682.153,625.35,2/28/2013
610.0386951,614.5285799,601.5469565,607.5985403,4410683.325,622.5,3/1/2013
605.5000072,615.2118232,603.2062617,612.6252592,3065789.13,627.65,3/4/2013
615.7974604,619.5064956,608.2329805,617.7983873,2704029.291,632.95,3/5/2013
619.7505111,621.8978473,613.9429427,615.4070356,2800334.657,630.5,3/6/2013
613.3085025,627.5590064,612.1372282,626.4365352,1524186.101,641.8,3/7/2013
628.7790838,644.200862,627.9982343,641.5654948,2714172.09,657.3,3/8/2013
641.5654948,643.9080434,634.6842584,639.5645679,2178242.972,655.25,3/11/2013
637.3684286,640.0037958,624.77723,628.5838714,1766178.947,644,3/12/2013
625.7044888,630.438389,617.0663409,619.701708,2026818.151,634.9,3/13/2013
619.701708,637.8564596,600.6196976,633.7081965,8174276.55,649.25,3/14/2013
629.5599333,634.3426367,618.6280399,624.0939866,3954564.718,639.4,3/15/2013
617.8471904,638.3444905,614.9190046,627.9006281,4498075.322,643.3,3/18/2013
627.6078095,628.388659,609.0626332,616.4319006,5129899.997,631.55,3/19/2013
616.8711285,618.2864182,606.1344474,610.526726,2903606.795,625.5,3/20/2013
607.7449496,613.7477304,589.2973795,592.4695807,3701711.905,607,3/21/2013
594.4217045,599.8876512,588.1749083,590.7614723,7562430.117,605.25,3/22/2013
596.3738283,598.6675738,593.0064147,594.8121293,6966463.823,609.4,3/25/2013
591.4935188,602.7182307,588.1261052,599.790045,3399989.241,614.5,3/26/2013
599.790045,599.790045,599.790045,599.790045,0,614.5,3/27/2013
601.7421688,616.0414758,592.4207776,610.3803168,4993535.696,625.35,3/28/2013
610.3803168,610.3803168,610.3803168,610.3803168,0,625.35,3/29/2013
609.6970734,613.9429427,606.1344474,608.9162239,1718231.169,623.85,4/1/2013
610.0386951,619.1160709,603.1086555,614.8213985,1756343.505,629.9,4/2/2013
612.9668808,616.5295068,604.6703546,608.7210115,1717001.738,623.65,4/3/2013
603.9871112,608.476996,598.76518,601.4005472,2095563.79,616.15,4/4/2013
600.2292729,611.4051818,598.7163769,606.0856443,3319359.11,620.95,4/5/2013
604.1335205,613.8941396,602.9622462,609.501861,2216047.951,624.45,4/8/2013
613.064487,613.064487,602.6206246,605.7440227,3780600.343,620.6,4/9/2013
611.7956065,618.4816306,604.1335205,616.8711285,3878954.76,632,4/10/2013
617.3591594,626.6317476,616.7735223,623.9475773,6420187.001,639.25,4/11/2013
620.8729823,630.389586,620.8729823,628.2910528,3894732.448,643.7,4/12/2013
626.7293538,628.0470374,619.7993142,626.1925197,4078532.264,641.55,4/15/2013
627.6078095,649.9108242,626.9733693,647.4706694,3519243.971,663.35,4/16/2013
649.0811716,655.7671957,641.0774639,644.2984682,3830904.529,660.1,4/17/2013
638.3444905,659.2322155,638.3444905,657.475304,2362452.598,673.6,4/18/2013
657.475304,657.475304,657.475304,657.475304,0,673.6,4/19/2013
658.5489721,685.1954623,658.5489721,681.5840332,5086767.487,698.3,4/22/2013
682.0720642,683.2433385,662.550826,672.5066575,6112112.281,689,4/23/2013
672.5066575,672.5066575,672.5066575,672.5066575,0,689,4/24/2013
675.7764649,678.3630289,663.7709033,673.0434915,6632468.616,689.55,4/25/2013
671.1889739,675.6788587,666.650286,672.6042637,2194635.374,689.1,4/26/2013
671.774611,680.1687435,670.0665027,678.5094382,2990384.077,695.15,4/29/2013
677.386967,679.2902878,660.5987021,665.9670427,3214959.995,682.3,4/30/2013
665.9670427,665.9670427,665.9670427,665.9670427,0,682.3,5/1/2013
668.0167727,677.386967,665.9670427,675.9228742,3151234.529,692.5,5/2/2013
676.0204803,677.386967,662.4044167,664.6493591,3146931.523,680.95,5/3/2013
662.7460383,663.0388569,653.912678,659.3298216,1965346.641,675.5,5/6/2013
660.1106712,673.3851132,656.4016359,671.5793986,2842647.547,688.05,5/7/2013
672.5066575,682.7553075,670.0665027,680.461562,2216457.761,697.15,5/8/2013
682.3160797,682.7553075,671.7258079,673.5315225,1158533.066,690.05,5/9/2013
672.2138389,688.0260419,672.1650358,686.5131459,3563605.911,703.35,5/10/2013
688.1236481,694.4192474,674.2635689,676.1668896,2457221.176,692.75,5/13/2013
673.5315225,678.2654227,668.700016,672.5554606,1704195.174,689.05,5/14/2013
676.8989361,698.8603291,674.800403,697.7378579,3630200.048,714.85,5/15/2013
694.9560814,706.6688244,693.9800195,705.4975501,2986593.334,722.8,5/16/2013
705.2047315,705.2047315,692.2231081,701.6909086,3283500.729,718.9,5/17/2013
702.2765458,706.6688244,695.1024907,697.3962362,1496216.564,714.5,5/20/2013
696.9082053,700.8124529,688.1724512,690.8566214,2358047.14,707.8,5/21/2013
690.5638028,694.9560814,681.2912147,686.6107521,1386182.56,703.45,5/22/2013
682.2672766,689.5389378,677.6797856,681.8768518,2024769.101,698.6,5/23/2013
688.8556945,688.8556945,677.6797856,684.5610221,2116669.009,701.35,5/24/2013
681.8768518,699.836391,681.8768518,697.9330703,2303952.21,715.05,5/27/2013
697.1522207,703.5454263,689.8805595,696.2249619,1718026.264,713.3,5/28/2013
693.0527607,701.2516808,687.0011769,698.811526,1263546.897,715.95,5/29/2013
693.1015638,709.8898287,693.1015638,707.7912956,3933459.499,725.15,5/30/2013
700.0804065,703.4478201,680.9983961,683.7313695,3158816.015,700.5,5/31/2013
681.2912147,684.6098252,670.1153058,672.6530667,2020875.905,689.15,6/3/2013
670.8473522,677.1917546,664.6981622,666.6990891,1438433.344,683.05,6/4/2013
665.6742241,677.7773918,662.2580074,671.4817925,1937274.651,687.95,6/5/2013
667.1383169,672.8970822,661.7699764,665.8694365,1822732.736,682.2,6/6/2013
665.4302086,676.8013299,657.0848793,659.9642619,2447590.64,676.15,6/7/2013
664.7469653,670.5545336,655.425574,660.1594743,1631044.076,676.35,6/10/2013
657.3288947,664.600556,646.3481982,648.9835654,3027676.793,664.9,6/11/2013
646.1529858,657.2800916,642.687966,648.0563066,2514082.324,663.95,6/12/2013
647.2197239,650.5660546,643.0368105,644.7591866,1816066.78,655.1,6/13/2013
651.5502695,657.8984556,648.8928892,654.552125,3801303.93,665.05,6/14/2013
655.0934432,658.6366168,646.9736702,656.8158192,3320108.212,667.35,6/17/2013
657.4555589,657.4555589,644.6607651,647.0720917,3161504.64,657.45,6/18/2013
645.7434015,656.0776581,642.5447031,654.6997572,2450379.464,665.2,6/19/2013
648.4499925,648.4499925,624.582781,626.5512108,3845196.783,636.6,6/20/2013
626.7480538,632.4072895,620.1538139,625.2225207,4546669.595,635.25,6/21/2013
621.8269792,623.8446198,613.9040492,615.4787931,2735174.987,625.35,6/24/2013
616.1185328,636.1965169,612.5753591,623.992252,4746524.32,634,6/25/2013
621.5317148,627.5846365,610.2132433,613.0182558,2661004.194,622.85,6/26/2013
623.992252,642.3970708,612.5261484,636.2949384,6859071.064,646.5,6/27/2013
639.2475831,662.5734765,638.8538972,658.9318813,5355131.236,669.5,6/28/2013
658.4397738,663.3608484,654.158439,658.1937201,2499047.696,668.75,7/1/2013
658.1445094,658.1937201,643.9718147,646.1862982,2332519.026,656.55,7/2/2013
643.6765502,644.3655007,633.4407152,640.3794303,3400172.026,650.65,7/3/2013
643.4797072,647.0720917,635.5075665,644.8083974,2436154.928,655.15,7/4/2013
649.6802612,662.1305798,648.1055173,657.2095052,2424064.073,667.75,7/5/2013
653.5186993,656.9142407,642.4462816,650.0247364,1821045.368,660.45,7/8/2013
651.7471125,663.1147947,651.7471125,659.7192532,1788227.332,670.3,7/9/2013
659.6700425,661.2939971,645.7926123,648.8928892,1813221.873,659.3,7/10/2013
656.471344,675.8603777,655.5363399,672.4648363,2692298.173,683.25,7/11/2013
676.1556422,686.6867417,671.0377247,684.7675227,3971388.734,695.75,7/12/2013
680.0925018,687.0312169,673.2029975,684.4722582,2162027.807,695.45,7/15/2013
668.2819229,673.6951049,659.374778,667.9866585,2958500.196,678.7,7/16/2013
667.100865,670.0535098,637.6728393,652.4360629,5749150.872,662.9,7/17/2013
659.3255673,677.6319646,646.5799842,673.301419,3470685.081,684.1,7/18/2013
677.1890679,681.027506,662.5242657,669.2661378,3164552.754,680,7/19/2013
665.3292782,676.1556422,665.3292782,671.2837784,1641003.388,682.05,7/22/2013
677.0414356,679.1082869,670.2995635,672.8093115,1883328.513,683.6,7/23/2013
663.3608484,665.3292782,643.1844428,649.5326289,3715753.509,659.95,7/24/2013
650.2215794,655.4871291,639.8873228,643.528918,4132024.383,653.85,7/25/2013
645.64498,645.8910338,627.9291117,633.9328226,2376615.086,644.1,7/26/2013
632.8501862,632.8501862,619.7109172,622.5159297,3790330.717,632.5,7/29/2013
620.7935536,624.976467,610.3116648,615.4787931,3731603.706,625.35,7/30/2013
611.1974582,611.9848302,597.320028,600.1250405,6813654.154,609.75,7/31/2013
604.2095324,627.7322687,602.73321,622.2206652,5955609.846,632.2,8/1/2013
620.0553924,624.779624,616.9551155,621.285661,5084153.833,631.25,8/2/2013
621.5809255,625.4193637,605.2921688,622.7127727,3454022.054,632.7,8/5/2013
621.0396073,621.3840825,596.9263421,599.0424041,4989967.087,608.65,8/6/2013
600.3218835,604.6524291,590.5289452,591.710003,5780343.247,601.2,8/7/2013
594.4658048,607.7527061,590.5289452,600.8632017,5197340.495,610.5,8/8/2013
600.8632017,600.8632017,600.8632017,600.8632017,0,610.5,8/9/2013
600.420305,601.1584662,589.200255,592.694218,3988153.365,602.2,8/12/2013
594.3181726,614.9374749,588.7081476,610.7053508,3734448.613,620.5,8/13/2013
612.1816731,613.8056277,599.0424041,611.5419335,3633251.202,621.35,8/14/2013
611.5419335,611.5419335,611.5419335,611.5419335,0,621.35,8/15/2013
604.3079539,612.1816731,575.6673,578.6199448,7127305.163,587.9,8/16/2013
577.7341513,579.3088952,561.2977624,575.4704571,5084865.06,584.7,8/19/2013
565.8743617,580.5883746,557.5577457,575.5196678,6534853.256,584.75,8/20/2013
596.4342346,609.5735036,580.6867961,583.983916,7343010.085,593.35,8/21/2013
579.7025812,594.1705403,561.0024979,579.4073167,7683890.921,588.7,8/22/2013
582.6552259,599.5345116,579.0136307,597.9597677,5257591.563,607.55,8/23/2013
602.6839993,612.9690451,593.0386932,601.6505736,3710470.11,611.3,8/26/2013
587.8715649,590.5289452,546.682171,553.0303571,13896355.24,561.9,8/27/2013
546.9282247,562.9709277,519.6654717,553.0795679,9415423.318,561.95,8/28/2013
559.0340681,573.3051843,559.0340681,563.0201385,10356173.14,572.05,8/29/2013
561.9867128,590.5289452,561.6422376,584.6236557,9301017.41,594,8/30/2013
588.5605153,594.81028,573.3051843,580.1946886,4957149.051,589.5,9/2/2013
587.4778789,587.4778789,548.2569148,553.6700968,4607733.494,562.55,9/3/2013
558.4927499,567.74437,550.3237661,555.1464192,5319366.689,564.05,9/4/2013
574.7815066,613.0674666,574.7815066,599.8789868,8444801.971,609.5,9/5/2013
601.3553092,610.2132433,577.4880976,606.4732267,4825470.493,616.2,9/6/2013
606.4732267,606.4732267,606.4732267,606.4732267,0,616.2,9/9/2013
610.7545615,630.8817564,608.6384995,627.9291117,5156089.342,638,9/10/2013
623.0080371,639.7396906,615.6756361,637.0330996,3223381.37,647.25,9/11/2013
632.3580788,635.802831,617.6932766,623.9430413,4489974.66,633.95,9/12/2013
622.4667189,624.4843595,611.1974582,619.2680205,3937859.472,629.2,9/13/2013
627.4370042,638.6570542,619.0711775,632.6533432,3083472.902,642.8,9/16/2013
627.9291117,634.818616,623.5985661,632.112025,2141808.645,642.25,9/17/2013
633.4407152,644.5623436,621.1872396,640.231798,2791463.507,650.5,9/18/2013
669.2661378,679.0098654,665.6245427,672.4156256,7437603.247,683.2,9/19/2013
671.7266751,675.614324,625.2225207,648.6468355,6280640.484,659.05,9/20/2013
640.7239055,642.0525956,623.1064586,631.8167606,3552374.557,641.95,9/23/2013
623.0572479,634.1788764,620.0061817,628.3720084,4616573.027,638.45,9/24/2013
627.9291117,631.5707068,603.5205819,610.8037723,5329323.864,620.6,9/25/2013
611.5419335,616.1185328,608.2448135,611.3450905,5736145.582,621.15,9/26/2013
612.1816731,614.150103,595.4500197,599.2884578,4167890.533,608.9,9/27/2013
596.4342346,603.1761067,578.4231018,583.6886515,4334012.788,593.05,9/30/2013
589.3478873,604.7016398,580.0470564,601.9950488,3301311.504,611.65,10/1/2013
601.9950488,601.9950488,601.9950488,601.9950488,0,611.65,10/2/2013
605.5874333,628.9133266,600.3710942,626.1575248,2482384.669,636.2,10/3/2013
625.4685744,637.1807318,624.976467,630.3404382,3461642.341,640.45,10/4/2013
626.4527893,628.0767439,608.4908672,624.2875165,2520282.896,634.3,10/7/2013
640.231798,644.2178684,615.9216898,622.6635619,2989184.551,632.65,10/8/2013
615.3311609,640.625484,613.1658881,638.9031079,2201856.506,649.15,10/9/2013
638.7554757,638.7554757,623.3525124,630.9309672,2119760.615,641.05,10/10/2013
637.0823103,653.2726456,629.2578018,650.8613191,3401188.064,661.3,10/11/2013
647.1705131,658.7350383,638.4110005,656.9634515,3143520.763,667.5,10/14/2013
662.3766335,664.3450633,636.3933599,642.1510171,4100527.197,652.45,10/15/2013
642.1510171,642.1510171,642.1510171,642.1510171,0,652.45,10/16/2013
642.6923353,649.5326289,632.4072895,643.8733932,3696143.97,654.2,10/17/2013
644.9068189,668.8232411,644.9068189,665.9198072,5405526.734,676.6,10/18/2013
663.3608484,668.08508,652.0915877,660.6542574,2851308.16,671.25,10/21/2013
660.4082037,663.3116376,654.6997572,658.4397738,2224615.763,669,10/22/2013
658.4397738,658.4397738,643.4797072,649.7786827,3440508.745,660.2,10/23/2013
645.841823,665.0832245,645.841823,658.7350383,3129804.246,669.3,10/24/2013
654.7489679,664.2958526,652.6821166,661.9337368,2272572.769,672.55,10/25/2013
662.3766335,664.3450633,654.8966002,657.3571374,2129108.167,667.9,10/28/2013
657.4555589,678.124072,645.2020833,675.6635347,3866736.794,686.5,10/29/2013
675.1714273,676.6477497,665.0832245,668.6263982,2587951.044,679.35,10/30/2013
665.5261212,674.2364231,662.7703194,670.0535098,4621754.822,680.8,10/31/2013
670.8408817,677.1398571,667.494551,673.0061545,3973319.207,683.8,11/1/2013
673.0061545,673.0061545,673.0061545,673.0061545,0,683.8,11/4/2013
669.7090346,674.1872124,662.3766335,665.5753319,3621769.97,676.25,11/5/2013
668.1835014,668.4787659,654.7489679,658.3413524,1171085.695,668.9,11/6/2013
659.4239888,666.8056006,646.5307735,654.8966002,1978429.694,665.4,11/7/2013
652.9281704,657.1110837,634.4741408,642.2002279,3424150.529,652.5,11/8/2013
633.8344011,650.2707901,606.9653341,643.9226039,2848971.272,654.25,11/11/2013
642.2494386,652.5836951,633.1946614,635.7536202,2281005.886,645.95,11/12/2013
628.9133266,637.2299426,618.4314378,623.6969876,2682544.205,633.7,11/13/2013
627.9291117,639.6412691,627.9291117,632.0628143,3207327.965,642.2,11/14/2013
632.0628143,632.0628143,632.0628143,632.0628143,0,642.2,11/15/2013
641.1175915,659.4239888,638.8046864,658.2429309,3778036.654,668.8,11/18/2013
657.8492449,657.8492449,647.0720917,649.6310504,1724420.129,660.05,11/19/2013
646.3339305,648.5976248,636.1965169,639.2967939,2126060.052,649.55,11/20/2013
634.3757193,635.409145,625.1240992,627.5846365,3248172.703,637.65,11/21/2013
632.3580788,636.6886244,625.0748884,632.0136036,1903039.655,642.15,11/22/2013
637.8204715,651.3042158,637.8204715,649.3357859,4102356.065,659.75,11/25/2013
647.3181454,649.4834182,638.1649467,642.6431246,3677652.074,652.95,11/26/2013
640.822327,648.351571,633.9328226,643.2336535,2182653.383,653.55,11/27/2013
645.2512941,652.5344844,637.8204715,643.0860213,3752635.698,653.4,11/28/2013
644.6607651,658.3413524,644.6607651,650.8613191,2431074.737,661.3,11/29/2013
651.5502695,654.5029142,647.6626206,650.8613191,1742099.195,661.3,12/2/2013
649.5818397,651.7471125,642.3478601,645.3989263,2613250.396,655.75,12/3/2013
644.5623436,649.138943,643.135232,647.2197239,2661105.798,657.6,12/4/2013
660.9495219,679.0098654,660.9495219,677.2382786,8133284.642,688.1,12/5/2013
674.0887909,678.714601,667.5437618,671.9235181,4081730.489,682.7,12/6/2013
698.7925851,706.0757754,681.6180349,685.6533161,6417704.045,696.65,12/9/2013
681.421192,690.7712336,679.1082869,685.7025268,6366698.924,696.7,12/10/2013
679.2067084,690.7220229,676.0572207,684.5706797,3121675.94,695.55,12/11/2013
682.2577746,689.4917542,679.6003944,684.2262045,3268493.468,695.2,12/12/2013
676.9430141,690.9188658,674.1872124,679.0590762,6430506.127,689.95,12/13/2013
677.1398571,679.9940803,670.4471957,673.5474727,5443932.98,684.35,12/16/2013
664.984803,664.984803,643.725761,647.2197239,4557541.205,657.6,12/17/2013
640.231798,669.9058775,639.2967939,655.7331829,3578283.533,666.25,12/18/2013
668.2819229,673.1537867,640.1333765,642.2494386,2544972.626,652.55,12/19/2013
647.4165669,658.0460879,639.8381121,654.1092283,1453544.33,664.6,12/20/2013
647.6134099,660.9003111,646.6291949,653.961596,1404977.701,664.45,12/23/2013
655.0442324,655.9792366,644.7099759,646.9244594,902851.595,657.3,12/24/2013
646.9244594,646.9244594,646.9244594,646.9244594,0,657.3,12/25/2013
649.4342074,661.5892616,646.5307735,658.4889846,2043862.557,669.05,12/26/2013
653.6171208,664.78796,653.6171208,659.0795135,1387908.259,669.65,12/27/2013
666.1166501,666.3134931,654.6505465,658.9318813,1073850.834,669.5,12/30/2013
661.4908401,661.687683,649.6802612,655.3394969,1336395.119,665.85,12/31/2013
657.4555589,659.2271458,652.5344844,654.6505465,1141112.566,665.15,1/1/2014
654.5029142,664.0990096,643.2336535,646.6291949,1836184.338,657,1/2/2014
641.7081204,655.4871291,639.7396906,652.6329059,1654313.49,663.1,1/3/2014
652.5344844,652.5344844,646.6291949,651.255005,1514709.833,661.7,1/6/2014
656.5697655,660.3589929,642.9875998,653.9123853,2005862.726,664.4,1/7/2014
654.6997572,656.4221333,649.5818397,654.2076497,1180941.266,664.7,1/8/2014
652.7313274,655.5363399,646.7276164,652.4852737,959444.9259,662.95,1/9/2014
652.4852737,664.0497988,645.9402445,651.5994802,1562260.424,662.05,1/10/2014
649.6802612,666.2642824,646.5307735,662.2290012,1207155.053,672.85,1/13/2014
658.4889846,665.3292782,657.7508234,661.687683,908541.4092,672.3,1/14/2014
662.3766335,671.9235181,659.0303028,669.807456,1175454.659,680.55,1/15/2014
673.5966834,674.1872124,659.768464,662.4258442,1143246.247,673.05,1/16/2014
664.3450633,664.3450633,648.6468355,654.5029142,11017614.04,665,1/17/2014
657.5539804,666.0182286,655.8808151,659.4731995,1422453.559,670.05,1/20/2014
662.3274227,668.08508,659.4239888,665.4276997,1587966.191,676.1,1/21/2014
664.8371708,673.8919479,664.0005881,666.4119146,1786500.067,677.1,1/22/2014
664.3450633,670.3487742,662.1305798,668.7740304,1392582.035,679.5,1/23/2014
659.4239888,664.2958526,653.2234348,662.7703194,2246155.774,673.4,1/24/2014
654.4044927,654.4044927,635.409145,638.9523187,4333504.769,649.2,1/27/2014
637.7712608,645.64498,628.5196406,634.2772978,4672556.735,644.45,1/28/2014
637.2791533,640.625484,630.4388597,635.2615128,2786688.127,645.45,1/29/2014
627.4370042,629.79912,617.7424874,621.8269792,2902110.073,631.8,1/30/2014
620.0553924,626.2559463,615.2327394,618.5790701,2443775.215,628.5,1/31/2014
620.0061817,623.992252,615.2327394,616.6106402,1213352.886,626.5,2/3/2014
611.8371979,625.4685744,607.0637556,620.6459214,1882007.663,630.6,2/4/2014
621.0396073,629.7006985,615.2327394,627.3877935,1753986.843,637.45,2/5/2014
628.6672729,639.3460046,619.563285,636.7870459,3420695.999,647,2/6/2014
642.1018064,644.1686577,631.9643928,637.525207,1023455.336,647.75,2/7/2014
637.4267856,639.8873228,625.9606819,633.7359796,1595383.271,643.9,2/10/2014
635.802831,636.9346781,629.2085911,634.6217731,1134101.902,644.8,2/11/2014
636.3933599,642.4954923,633.4899259,635.2615128,1635008.763,645.45,2/12/2014
635.802831,637.7712608,621.285661,622.5159297,801450.9769,632.5,2/13/2014
623.992252,633.6867689,619.4156527,631.6691283,1079235.836,641.8,2/14/2014
631.8659713,641.7081204,630.9801779,640.1333765,927134.9093,650.4,2/17/2014
638.2633682,653.9123853,637.1807318,649.9755256,1275026.408,660.4,2/18/2014
645.841823,661.6384723,644.6607651,659.4731995,1031482.038,670.05,2/19/2014
655.2902861,656.9142407,650.4184223,652.2884307,875926.5811,662.75,2/20/2014
649.4342074,659.0303028,649.2865752,653.9123853,773103.5096,664.4,2/21/2014
651.648691,662.3766335,645.3989263,660.4082037,1274823.201,671,2/24/2014
663.3608484,665.3292782,655.4871291,660.5066252,1021220.052,671.1,2/25/2014
659.4239888,668.4787659,657.9968771,666.7071791,1156048.329,677.4,2/26/2014
666.7071791,666.7071791,666.7071791,666.7071791,0,677.4,2/27/2014
671.2345677,672.1203611,654.6505465,659.0303028,1245459.695,669.6,2/28/2014
654.6997572,661.3924186,652.7313274,655.6839721,934348.7809,666.2,3/3/2014
655.4871291,663.2132162,653.764753,661.0971541,1636736.028,671.7,3/4/2014
662.8687409,664.3450633,652.0423769,659.177935,1017765.522,669.75,3/5/2014
662.3766335,667.0024436,657.5539804,664.9355922,1256940.927,675.6,3/6/2014
668.8724519,703.6152382,665.5261212,700.2196967,5783086.55,711.45,3/7/2014
695.3478329,725.2679661,688.950436,722.8566396,6635644.251,734.45,3/10/2014
722.9058504,728.3190324,708.1918375,713.703441,3302225.938,725.15,3/11/2014
709.8650028,721.429528,705.189982,714.0971269,1806008.001,725.55,3/12/2014
716.016346,737.669074,716.016346,730.6319374,2908003.095,742.35,3/13/2014
723.3979578,728.2206109,712.5715938,720.5929453,3101050.363,732.15,3/14/2014
720.5929453,720.5929453,720.5929453,720.5929453,0,732.15,3/17/2014
723.7916438,733.0432639,716.8037179,722.4137429,2058087.093,734,3/18/2014
728.3190324,731.5669416,724.136119,726.7934993,1537977.109,738.45,3/19/2014
726.7934993,726.7934993,716.5084535,718.6737263,1319528.884,730.2,3/20/2014
723.5455901,725.8584951,719.6579412,722.2661107,1911472.772,733.85,3/21/2014
722.9058504,741.0154047,722.4137429,738.8009211,2975366.431,750.65,3/24/2014
738.1611814,748.5446487,735.9466979,738.3088137,2039900.008,750.15,3/25/2014
740.9169832,744.3617354,732.3543135,734.2735326,2390026.791,746.05,3/26/2014
738.1611814,748.7414917,730.2874622,734.962483,6237154.047,746.75,3/27/2014
738.1119707,742.1964626,723.4471686,733.1908962,3088959.508,744.95,3/28/2014
736.1435409,741.1138262,731.3700986,736.9801236,2098728.623,748.8,3/31/2014
739.6375038,741.6551444,720.9866313,726.449024,2045183.407,738.1,4/1/2014
733.1908962,734.2243218,710.5047425,720.3468916,2641293.052,731.9,4/2/2014
724.3821727,726.3506025,714.7860774,717.2958254,1412191.573,728.8,4/3/2014
714.0971269,721.429528,708.6839449,713.9987054,1885360.589,725.45,4/4/2014
713.5558087,720.4453131,711.6858004,713.9002839,2980243.415,725.35,4/7/2014
713.9002839,713.9002839,713.9002839,713.9002839,0,725.35,4/8/2014
716.5576642,733.1416854,710.3571103,730.1398299,2672180.615,741.85,4/9/2014
732.8956317,736.8324913,724.3821727,727.7285034,1903649.278,739.4,4/10/2014
722.4629537,733.0432639,722.3153214,726.4982348,1322780.206,738.15,4/11/2014
726.4982348,726.4982348,726.4982348,726.4982348,0,738.15,4/14/2014
722.7090074,727.1379745,706.7647259,712.5223831,2126466.468,723.95,4/15/2014
711.7842219,720.2484701,709.7173706,714.4908129,907322.1633,725.95,4/16/2014
704.9439283,709.9142136,696.1352048,707.3552548,3124825.659,718.7,4/17/2014
707.3552548,707.3552548,707.3552548,707.3552548,0,718.7,4/18/2014
711.2921144,715.0321311,701.7452298,705.1407713,1774917.231,716.45,4/21/2014
710.5047425,718.0831973,706.0757754,716.0655567,2894591.39,727.55,4/22/2014
713.4573872,727.7777142,711.1936929,721.429528,5340601.889,733,4/23/2014
721.429528,721.429528,721.429528,721.429528,0,733,4/24/2014
721.5771602,726.3506025,713.5558087,714.9337096,1578009.017,726.4,4/25/2014
710.8492177,717.7387221,709.1760524,713.7526517,1240277.9,725.2,4/28/2014
714.9337096,716.016346,701.2531224,704.5010316,1686928.318,715.8,4/29/2014
704.6978746,718.3784618,700.4165397,709.9142136,2231931.239,721.3,4/30/2014
709.9142136,709.9142136,709.9142136,709.9142136,0,721.3,5/1/2014
712.0794864,716.0655567,704.2549778,705.780511,1502517.374,717.1,5/2/2014
708.487102,711.6858004,702.7294447,705.386825,1318817.657,716.7,5/5/2014
708.8315772,713.1621228,702.8278662,708.8315772,1570896.749,720.2,5/6/2014
707.1584118,715.5242385,700.2196967,704.3041886,1676056.708,715.6,5/7/2014
705.8297217,711.5873789,704.2057671,706.9615688,1910253.527,718.3,5/8/2014
708.6347342,748.0033305,708.6347342,744.8538428,4159762.227,756.8,5/9/2014
743.1806775,782.3032201,742.5901485,779.6458398,4460712.759,792.15,5/12/2014
787.3719269,787.3719269,770.148166,775.7089802,3217081.932,788.15,5/13/2014
772.6087032,782.2540094,762.028393,763.2094509,2159386.107,775.45,5/14/2014
756.8612647,778.6616249,753.9578307,775.9058232,2404454.535,788.35,5/15/2014
787.3719269,840.5195319,775.2168728,791.9977369,8348786.356,804.7,5/16/2014
803.0209439,821.8194487,795.2456461,799.0840843,2672891.842,811.9,5/19/2014
803.1193654,808.6309689,791.6532617,803.1685762,1614687.998,816.05,5/20/2014
799.526981,801.643043,792.2930014,796.7219685,925102.8328,809.5,5/21/2014
799.1825058,802.1351505,785.4034971,789.9308856,1982900.262,802.6,5/22/2014
786.387712,790.3245716,770.345009,777.1853026,2494069.109,789.65,5/23/2014
786.387712,791.3579973,777.5297778,784.5669144,4418547.171,797.15,5/26/2014
787.3719269,797.8538157,775.9058232,792.1945799,1935349.671,804.9,5/27/2014
787.2735054,813.6996757,786.8798194,810.4517665,3646358.096,823.45,5/28/2014
809.6151838,817.6365353,794.6551172,797.4601297,3475866.876,810.25,5/29/2014
802.1351505,809.8120268,718.4768833,780.2363688,8333342.574,792.75,5/30/2014
780.97453,809.3691301,780.97453,806.4656961,2053108.505,819.4,6/2/2014
810.0088698,814.7823121,801.1509356,811.3375599,920530.6606,824.35,6/3/2014
809.4183408,816.6031097,802.233572,803.8083158,727483.3918,816.7,6/4/2014
805.7437684,809.3169115,795.0243391,799.441141,1933020.82,805.45,6/5/2014
806.9348161,814.8751341,795.0243391,809.1680305,2661152.868,815.25,6/6/2014
815.7684198,823.8079918,808.9198956,813.3366974,2352449.866,819.45,6/9/2014
815.024015,817.4557374,803.9571968,810.5575861,1259193.902,816.65,6/10/2014
810.9049751,823.6591108,803.9571968,814.3788642,1950450.853,820.5,6/11/2014
818.3490232,838.646461,806.7859351,833.5845083,3206924.461,839.85,6/12/2014
837.7035483,849.6140253,825.4456824,829.1677064,3076148.842,835.4,6/13/2014
824.8005315,836.5125006,824.1057537,832.7408495,1337377.169,839,6/16/2014
829.7632303,842.4677391,821.1777615,840.2345246,1760131.019,846.55,6/17/2014
840.7804215,845.0483424,822.5673171,828.6218096,1353698.934,834.85,6/18/2014
830.855024,833.6837623,816.0661818,819.5896979,1189070.766,825.75,6/19/2014
819.8378328,825.5449364,813.2374435,815.8180468,747980.1193,821.95,6/20/2014
817.8527533,820.3837297,809.2176575,815.3217769,1471175.337,821.45,6/23/2014
819.192682,826.5374761,818.845293,822.815452,1276019.425,829,6/24/2014
822.815452,826.984119,816.8602135,817.9520073,1594495.335,824.1,6/25/2014
813.8825943,820.4333566,802.6172681,806.3392922,5492979.001,812.4,6/26/2014
811.7486338,815.8676738,807.9273558,810.1109433,1295363.738,816.2,6/27/2014
813.7833403,826.4878491,813.7833403,815.4210309,1555605.205,821.55,6/30/2014
816.8602135,821.7732853,808.9198956,817.1579755,1924658.435,823.3,7/1/2014
824.6020236,835.7184688,819.3415629,833.6341353,1920930.624,839.9,7/2/2014
834.725929,838.99385,825.1479205,830.5572621,1526991.741,836.8,7/3/2014
830.5572621,852.5420175,828.8699445,850.2591761,1418482.233,856.65,7/4/2014
853.4849303,854.2789621,829.6143493,834.1800322,2048179.936,840.45,7/7/2014
837.7035483,842.0210962,813.8825943,823.063587,1695649.974,829.25,7/8/2014
821.8229123,828.6218096,811.8975148,824.1057537,1459689.651,830.3,7/9/2014
824.1057537,841.6737073,806.1904112,817.2076025,2482822.479,823.35,7/10/2014
814.974388,825.2471744,802.7661491,805.7437684,2316884.54,811.8,7/11/2014
808.9198956,813.8825943,801.1284585,811.3516179,1239648.086,817.45,7/14/2014
814.6269991,822.6169441,810.4087052,820.6318646,1534447.362,826.8,7/15/2014
823.3117219,832.2445797,811.7982608,829.5150954,2415318.885,835.75,7/16/2014
832.4430876,832.7408495,823.3117219,825.5945633,1269168.314,831.8,7/17/2014
822.7161981,830.5572621,815.8676738,826.2397142,1835795.495,832.45,7/18/2014
835.4207069,840.6315405,819.093428,821.2770154,2471840.551,827.45,7/21/2014
823.7087378,836.3636196,820.8303725,833.5845083,1755597.195,839.85,7/22/2014
836.8102625,838.696088,828.7706905,830.0609922,1977150.035,836.3,7/23/2014
829.7632303,837.7035483,826.785611,835.9666037,1077639.461,842.25,7/24/2014
834.725929,843.4602788,827.9270318,829.2669604,2686441.528,835.5,7/25/2014
832.2445797,833.5348813,821.8229123,823.3613489,978499.8544,829.55,7/28/2014
823.3613489,823.3613489,823.3613489,823.3613489,0,829.55,7/29/2014
824.8005315,835.6192148,820.6814916,832.5423416,1180103.871,838.8,7/30/2014
831.6490558,833.6341353,822.3688092,827.7781508,2997663.32,834,7/31/2014
819.8874598,821.6244043,805.9422763,809.3665384,1719931.118,815.45,8/1/2014
812.8900546,816.5624516,801.0788315,806.9348161,1854535.299,813,8/4/2014
810.9049751,816.8602135,803.8579428,814.0811023,1530618.8,820.2,8/5/2014
808.9695225,813.4359514,801.3269665,803.9571968,851653.5491,810,8/6/2014
806.8355621,812.3937847,803.9571968,805.4460064,990791.5535,811.5,8/7/2014
798.9944981,801.7736094,789.0691006,790.2105213,1876599.906,796.15,8/8/2014
795.0243391,796.8605376,785.4959575,787.0343941,1417071.71,792.95,8/11/2014
795.0243391,802.4683872,786.0914813,801.1780855,1663107.197,807.2,8/12/2014
803.9571968,809.6643004,796.6620297,806.3392922,1974631.244,812.4,8/13/2014
808.0266098,825.4456824,807.232578,820.5326106,2990610.706,826.7,8/14/2014
820.5326106,820.5326106,820.5326106,820.5326106,0,826.7,8/15/2014
823.8079918,828.2744207,817.4557374,826.1404602,1688093.602,832.35,8/18/2014
826.785611,831.2520399,816.1158087,817.7038723,1988031.212,823.85,8/19/2014
822.815452,828.3736746,812.8900546,814.4284912,2376428.755,820.55,8/20/2014
815.8676738,828.9691985,814.8751341,826.2893412,1609608.08,832.5,8/21/2014
828.1255397,842.4181121,821.8725393,840.4330326,2522619.373,846.75,8/22/2014
836.7110085,846.4378981,830.954278,837.1576514,1676507.164,843.45,8/25/2014
838.1998182,842.1699772,831.8475638,836.2147387,1049126.749,842.5,8/26/2014
839.6886278,839.6886278,827.7781508,830.3587541,1222318.805,836.6,8/27/2014
831.2520399,839.1923579,827.7781508,837.2569054,2012816.113,843.55,8/28/2014
837.2569054,837.2569054,837.2569054,837.2569054,0,843.55,8/29/2014
839.5893738,842.666247,832.3438336,834.924437,1046406.455,841.2,9/1/2014
836.8102625,854.675978,832.3934606,852.7901525,2882000.446,859.2,9/2/2014
858.546883,858.546883,845.2468504,850.2591761,2325952.187,856.65,9/3/2014
851.6487318,852.5916445,842.1699772,845.4949853,1613738.897,851.85,9/4/2014
845.6438663,849.1673824,837.8028023,842.1203502,966006.6519,848.45,9/5/2014
844.6513265,861.3259943,843.1128899,858.2987481,2465392.446,864.75,9/8/2014
853.6834382,863.4103278,851.4005968,859.1424069,1929595.265,865.6,9/9/2014
858.546883,858.546883,847.7281997,850.9043269,1086606.356,857.3,9/10/2014
851.0035809,856.6610575,846.636406,847.9763347,1645475.661,854.35,9/11/2014
843.7580408,851.5991048,842.61662,849.3162633,1533036.839,855.7,9/12/2014
843.6587868,858.546883,843.6587868,853.9315732,1463115.206,860.35,9/15/2014
854.576724,855.6188908,841.6737073,844.6513265,1278538.216,851,9/16/2014
848.6214855,849.5147713,835.8177228,840.0856437,1991255.264,846.4,9/17/2014
838.4479531,854.576724,835.9666037,851.7479857,1675600.399,858.15,9/18/2014
853.5841843,858.546883,845.0483424,853.8323192,1647792.949,860.25,9/19/2014
850.556938,852.0953746,844.6513265,850.4576841,1645777.916,856.85,9/22/2014
849.6636523,851.4502238,839.2916119,842.5173661,1188063.25,848.85,9/23/2014
840.7804215,850.9043269,838.745715,849.0681284,1678824.452,855.45,9/24/2014
846.636406,859.1424069,835.8177228,843.6091598,4180084.479,849.95,9/25/2014
843.6091598,872.4424395,838.696088,865.1472723,2489069.08,871.65,9/26/2014
866.487201,870.8047489,854.775232,858.646137,2186814.182,865.1,9/29/2014
857.7528512,873.2364713,854.725605,866.1398121,3031415.117,872.65,9/30/2014
859.5394228,864.6510025,854.0804541,861.5245023,1478530.206,868,10/1/2014
861.5245023,861.5245023,861.5245023,861.5245023,0,868,10/2/2014
861.5245023,861.5245023,861.5245023,861.5245023,0,868,10/3/2014
861.5245023,861.5245023,861.5245023,861.5245023,0,868,10/6/2014
858.546883,860.5319625,847.7281997,856.0159067,1265944.262,862.45,10/7/2014
854.1300811,863.5095818,851.8968667,861.1274864,790900.3147,867.6,10/8/2014
867.4797408,886.288369,861.7726372,880.9782813,1926975.722,887.6,10/9/2014
876.4622255,878.546559,858.447629,860.8297244,1074717.663,867.3,10/10/2014
857.5543433,871.4498998,849.2666364,870.2588521,1354202.692,876.8,10/13/2014
878.397678,879.3405908,858.695764,861.8718912,1830153.403,868.35,10/14/2014
861.8718912,861.8718912,861.8718912,861.8718912,0,868.35,10/15/2014
861.9215182,867.4797408,848.6711125,852.4427636,1393596.58,858.85,10/16/2014
853.8323192,881.4745512,850.705819,878.6458129,2513148.72,885.25,10/17/2014
887.3305357,902.8141558,883.5092577,887.1320278,2400911.401,893.8,10/20/2014
893.2857742,898.9928778,881.0279083,888.8689724,4039334.448,895.55,10/21/2014
898.2981,899.5884016,884.6010514,886.9831468,1151389.656,893.65,10/22/2014
886.9831468,886.9831468,886.9831468,886.9831468,0,893.65,10/23/2014
886.9831468,886.9831468,886.9831468,886.9831468,0,893.65,10/24/2014
892.3428615,900.5313144,887.4794167,890.5562899,1693735.693,897.25,10/27/2014
892.2932345,893.4842822,887.3305357,888.6208374,1461704.684,895.3,10/28/2014
893.4842822,895.7671236,883.3603767,884.8988134,1988837.225,891.55,10/29/2014
883.2611228,893.2361472,880.4820115,889.9607661,2704677.573,896.65,10/30/2014
893.3850282,907.7768546,890.6555439,905.0473703,2545389.242,911.85,10/31/2014
908.3723784,912.4417914,898.6454889,903.9059496,1823503.796,910.7,11/3/2014
903.9059496,903.9059496,903.9059496,903.9059496,0,910.7,11/4/2014
908.2234975,913.4343311,903.4593067,905.990283,1895138.206,912.8,11/5/2014
905.990283,905.990283,905.990283,905.990283,0,912.8,11/6/2014
898.248473,899.8365366,886.9831468,892.7398774,2274065.096,899.45,11/7/2014
892.7895044,901.5734811,886.337996,897.9010841,1609406.577,904.65,11/10/2014
899.1417588,910.4567119,895.6678696,901.1268383,1489411.383,907.9,11/11/2014
904.2037115,913.0373152,897.4048142,904.9481163,2281621.469,911.75,11/12/2014
908.6701403,913.1365692,897.1566793,909.1167832,1861084.155,915.95,11/13/2014
911.3499977,926.039586,904.9481163,923.1612207,2125355.687,930.1,11/14/2014
923.0619667,927.0321257,901.2260922,912.0944025,3391299.948,918.95,11/17/2014
914.129109,928.0246655,905.1962512,925.2455542,2314466.501,932.2,11/18/2014
928.0742924,930.7045228,915.2705297,919.6377046,870191.8495,926.55,11/19/2014
921.0272602,921.0272602,905.2955052,911.3499977,1201463.217,918.2,11/20/2014
914.3276169,928.0246655,907.2309577,925.890705,2222480.26,932.85,11/21/2014
925.3944351,942.9127617,921.1761412,938.1485709,1842948.861,945.2,11/24/2014
935.9649834,951.6471115,931.9948245,946.4362778,3061942.862,953.55,11/25/2014
932.7888563,952.7389052,926.3373479,944.2030634,2260967.384,951.3,11/26/2014
943.5082855,946.6844127,935.9649834,941.0765632,3327624.917,948.15,11/27/2014
940.9276822,958.6941437,939.9351424,950.0094209,2330284.507,957.15,11/28/2014
951.1508416,955.2698816,941.1261901,942.9127617,1861084.155,950,12/1/2014
934.7243088,942.5157458,932.1933324,936.2627454,1137788.185,943.3,12/2/2014
934.9724437,937.0071502,925.0470462,926.1388399,1677716.184,933.1,12/3/2014
932.9873642,937.2056581,925.0470462,934.3769198,1722550.66,941.4,12/4/2014
933.9799039,937.3545391,928.7194433,935.7168485,1026155.377,942.75,12/5/2014
937.9500629,937.9500629,918.099268,920.2332284,1021823.056,927.15,12/8/2014
918.148895,928.0246655,918.148895,919.8362125,1227457.138,926.75,12/9/2014
919.1910617,928.0246655,918.3970299,924.4515224,1401757.462,931.4,12/10/2014
922.9627127,928.7690703,918.099268,926.6351098,1213754.916,933.6,12/11/2014
926.039586,929.2157132,922.069427,924.5507763,1162875.342,931.5,12/12/2014
923.0619667,937.2552851,921.0768872,934.4761738,1672074.092,941.5,12/15/2014
930.5556418,934.9724437,910.15895,918.8436728,1256775.863,925.75,12/16/2014
919.0918077,925.5433161,909.1664102,914.9727678,1779273.829,921.85,12/17/2014
925.6425701,929.5134751,915.1712757,927.0817527,1635602.001,934.05,12/18/2014
937.9996899,941.9202219,925.5433161,934.4265468,1539988.702,941.45,12/19/2014
946.8829207,958.8926517,935.4687136,956.5105563,2089488.105,963.7,12/22/2014
952.5403973,966.6840887,948.2228493,952.5900242,1900175.788,959.75,12/23/2014
950.7538257,957.60235,934.0791579,938.1981979,4197514.511,945.25,12/24/2014
938.1981979,938.1981979,938.1981979,938.1981979,0,945.25,12/25/2014
943.3097776,945.840754,935.5183406,941.572833,847925.7387,948.65,12/26/2014
943.0120157,948.8680002,941.2254441,944.6000793,910492.5025,951.7,12/29/2014
942.9127617,952.4411433,935.7168485,949.3146431,1430975.436,956.45,12/30/2014
948.8680002,950.1583019,942.6646268,944.5008253,1257481.125,951.6,12/31/2014
943.9053014,947.2799366,937.9996899,944.9474682,892860.9668,952.05,1/1/2015
943.3097776,962.0687789,943.3097776,958.0986199,1486086.579,965.3,1/2/2015
962.7635567,963.3094535,947.9747144,950.0094209,1208012.073,957.15,1/5/2015
946.8829207,949.413897,930.5556418,935.2205786,2070345.295,942.25,1/6/2015
932.6896023,944.2526904,929.2653401,937.9500629,1447297.2,945,1/7/2015
947.1310556,961.7213899,941.1261901,957.651977,2399299.375,964.85,1/8/2015
965.6419219,972.6889542,959.3889215,968.3714063,2263083.168,975.65,1/9/2015
962.1680328,967.1307316,957.3045881,959.8355644,1039353.84,967.05,1/12/2015
961.7213899,964.6990092,948.5702383,956.1631673,1467951.285,963.35,1/13/2015
952.8877862,967.3788665,952.5403973,956.7090642,928224.7898,963.9,1/14/2015
982.6143517,990.7531776,963.5079615,985.7408519,2871018.518,993.15,1/15/2015
994.7233366,1007.328591,991.1005665,993.8796778,1969996.669,1001.35,1/16/2015
1005.690901,1012.390544,995.4677414,997.055805,1067765.801,1004.55,1/19/2015
1002.465147,1019.338322,994.5248286,1013.333457,2142382.712,1020.95,1/20/2015
1019.735338,1025.243934,1010.752854,1012.340917,1697765.758,1019.95,1/21/2015
1017.353243,1024.797291,1010.951361,1013.631219,1629758.407,1021.25,1/22/2015
1022.315942,1040.181657,1016.757719,1035.02045,2515667.511,1042.8,1/23/2015
1035.02045,1035.02045,1035.02045,1035.02045,0,1042.8,1/26/2015
1035.218958,1069.709715,1033.134625,1066.037318,2509320.158,1074.05,1/27/2015
1062.017532,1085.044454,1047.129435,1050.454444,2862555.381,1058.35,1/28/2015
1066.98023,1092.389248,1053.084674,1086.831025,5180548.189,1095,1/29/2015
1086.384382,1086.384382,1056.310428,1069.312699,2662462.639,1077.35,1/30/2015
1060.528722,1084.845946,1044.499205,1073.530993,1438229.553,1081.6,2/2/2015
1070.454119,1074.126517,1047.427197,1056.161547,2569267.379,1064.1,2/3/2015
1055.069753,1072.736961,1049.36265,1059.73469,1560945.042,1067.7,2/4/2015
1066.98023,1084.647438,1062.364921,1068.46904,2029843.139,1076.5,2/5/2015
1068.96531,1070.900762,1042.216364,1045.640626,1738670.921,1053.5,2/6/2015
1039.189117,1043.903681,1026.78237,1032.340593,1317730.601,1040.1,2/9/2015
1022.315942,1054.374976,1022.315942,1046.583538,2336329.605,1054.45,2/10/2015
1050.107055,1056.856325,1045.144356,1050.50407,1048119.232,1058.4,2/11/2015
1057.154087,1073.828755,1044.846594,1067.97277,1391783.051,1076,2/12/2015
1073.133977,1073.928009,1055.665277,1057.848865,1943095.983,1065.8,2/13/2015
1067.774262,1076.905628,1054.573483,1059.585809,1860983.403,1067.55,2/16/2015
1059.585809,1059.585809,1059.585809,1059.585809,0,1067.55,2/17/2015
1059.585809,1074.870921,1049.164142,1066.781722,1355512.463,1074.8,2/18/2015
1065.987691,1076.806374,1055.863785,1071.744421,1135168.643,1079.8,2/19/2015
1074.920548,1081.769073,1060.528722,1065.044778,1563161.577,1073.05,2/20/2015
1069.064564,1073.481366,1054.077214,1059.536182,1405787.528,1067.5,2/23/2015
1062.315294,1063.010071,1049.213769,1059.685063,1472485.108,1067.65,2/24/2015
1062.017532,1066.781722,1042.166737,1044.598459,1170834.721,1052.45,2/25/2015
1045.789507,1048.121975,1027.377894,1030.405141,3130050.965,1038.15,2/26/2015
1037.650681,1050.652951,1037.650681,1046.136896,2584682.379,1054,2/27/2015
1072.290318,1090.801184,1060.032452,1074.473905,3623330.958,1082.55,3/2/2015
1078.34481,1083.853406,1069.014937,1075.267937,1518629.356,1083.35,3/3/2015
1096.756423,1101.024344,1052.092134,1057.352595,3092470.606,1065.3,3/4/2015
1057.054833,1081.868327,1054.573483,1077.004882,2443831.597,1085.1,3/5/2015
1077.004882,1077.004882,1077.004882,1077.004882,0,1085.1,3/6/2015
1069.014937,1073.729501,1048.121975,1051.099594,1449715.239,1059,3/9/2015
1054.077214,1054.325349,1037.204038,1044.697713,1293348.706,1052.55,3/10/2015
1043.060022,1053.97796,1042.166737,1048.568618,1376569.554,1056.45,3/11/2015
1052.191388,1055.963039,1043.25853,1046.732419,1896850.984,1054.6,3/12/2015
1052.092134,1056.062293,1026.881624,1034.871569,1366796.646,1042.65,3/13/2015
1037.204038,1050.007801,1034.722688,1043.705173,1347150.078,1051.55,3/16/2015
1052.092134,1057.948119,1035.070077,1050.156682,1352389.162,1058.05,3/17/2015
1052.241015,1063.903357,1045.342864,1055.61565,1296673.51,1063.55,3/18/2015
1063.010071,1065.789183,1040.876435,1044.350324,1353396.679,1052.2,3/19/2015
1043.159276,1051.595864,1038.146951,1048.022721,1632982.459,1055.9,3/20/2015
1048.072348,1051.49661,1038.196578,1039.933522,1371834.227,1047.75,3/23/2015
1035.51672,1049.114515,1027.725283,1030.206633,2260161.371,1037.95,3/24/2015
1032.290966,1038.891355,1023.407735,1026.534236,2672134.796,1034.25,3/25/2015
1019.239068,1024.499529,994.6240826,999.4379004,9017371.856,1006.95,3/26/2015
1007.378218,1015.91406,1000.579321,1007.080456,2730570.743,1014.65,3/27/2015
1012.390544,1031.248799,1005.244258,1029.164466,1751768.633,1036.9,3/30/2015
1032.142085,1032.142085,1007.278964,1015.070401,1501703.082,1022.7,3/31/2015
1018.445037,1029.114839,1005.442766,1025.541696,968223.1879,1033.25,4/1/2015
1025.541696,1025.541696,1025.541696,1025.541696,0,1033.25,4/2/2015
1025.541696,1025.541696,1025.541696,1025.541696,0,1033.25,4/3/2015
1027.27864,1029.114839,1012.192036,1024.251394,1801136.933,1031.95,4/6/2015
1025.541696,1030.454768,1016.013314,1025.045426,1560844.29,1032.75,4/7/2015
1032.290966,1034.673062,1022.365569,1027.824537,1034215.507,1035.55,4/8/2015
1030.504395,1051.099594,1022.315942,1048.221229,1763758.078,1056.1,4/9/2015
1045.144356,1045.144356,1027.129759,1034.871569,1541298.473,1042.65,4/10/2015
1032.241339,1038.49434,1027.080132,1031.050291,1149374.623,1038.8,4/13/2015
1031.050291,1031.050291,1031.050291,1031.050291,0,1038.8,4/14/2015
1032.241339,1040.876435,1017.551751,1023.953632,1232595.471,1031.65,4/15/2015
1020.330862,1025.839458,1010.405465,1021.968553,1413041.645,1029.65,4/16/2015
1017.452497,1020.181981,1008.470012,1010.6536,1019808.024,1018.25,4/17/2015
1012.390544,1017.353243,995.1203525,997.6017019,1306950.176,1005.1,4/20/2015
997.5024479,1006.832322,988.1725743,995.5173684,1639833.57,1003,4/21/2015
998.9912575,1013.383084,986.0882408,1005.54202,1704113.111,1013.1,4/22/2015
1012.440171,1016.559211,998.5942416,1005.939036,2424991.041,1013.5,4/23/2015
1011.29875,1011.398004,992.8871381,998.9416305,1814839.155,1006.45,4/24/2015
999.4379004,1004.946496,988.5695902,997.9490908,1856449.58,1005.45,4/27/2015
992.0931063,1003.904329,982.7136056,997.055805,2000423.662,1004.55,4/28/2015
996.5099081,1001.968877,980.6292722,985.7408519,1980575.591,993.15,4/29/2015
983.6068914,987.5770504,971.7460414,981.423304,3814356.053,988.8,4/30/2015
981.423304,981.423304,981.423304,981.423304,0,988.8,5/1/2015
986.6341376,1001.968877,984.5994312,993.4826619,791202.5696,1000.95,5/4/2015
991.5968364,996.4106542,978.4953117,980.2818832,1294154.719,987.65,5/5/2015
980.1330023,980.1330023,958.2971278,963.3590805,2772584.173,970.6,5/6/2015
960.7784772,962.7635567,937.1560311,944.2030634,2956153.648,951.3,5/7/2015
954.3269688,980.4307642,948.2724763,974.6740337,2914643.975,982,5/8/2015
978.6938196,985.343836,966.7833427,982.9121136,1695448.471,990.3,5/11/2015
982.6143517,982.6143517,959.7859374,964.6990092,2797671.33,971.95,5/12/2015
968.5699142,985.9889868,964.3516203,982.8624866,1962541.049,990.25,5/13/2015
981.6218119,987.4281694,966.7337157,983.6565184,1122070.931,991.05,5/14/2015
987.4777964,990.1080268,976.8576211,982.7136056,2053721.276,990.1,5/15/2015
988.5695902,1004.450226,984.5994312,1002.316266,1439035.566,1009.85,5/18/2015
998.8423766,1010.405465,990.6539236,1000.033424,1205493.282,1007.55,5/19/2015
1002.117758,1019.139814,1002.018504,1016.41033,1009732.86,1024.05,5/20/2015
1016.360703,1022.315942,1007.527099,1017.055481,990892.3052,1024.7,5/21/2015
1017.055481,1021.323402,1010.752854,1016.658465,1181111.387,1024.3,5/22/2015
1020.727878,1023.308481,1010.008449,1015.91406,1100409.33,1023.55,5/25/2015
1016.807346,1022.51445,1010.455092,1019.735338,1235718.772,1027.4,5/26/2015
1016.162195,1032.241339,1013.7801,1030.405141,810647.6347,1038.15,5/27/2015
1031.298426,1035.913736,1014.574132,1021.720418,2408165.519,1029.4,5/28/2015
1022.266315,1046.136896,1019.487203,1042.712633,1274105.144,1050.55,5/29/2015
1041.12457,1048.121975,1023.308481,1028.469688,967517.9264,1036.2,6/1/2015
1030.653276,1032.539101,997.4031939,1001.274099,1190380.537,1008.8,6/2/2015
1001.472607,1009.412925,990.5546697,998.0483448,1467145.272,1005.55,6/3/2015
1001.323726,1010.256584,987.5770504,1007.378218,1399742.43,1014.95,6/4/2015
1002.713282,1010.901735,995.0210985,1004.202091,1701090.562,1011.75,6/5/2015
996.7580431,1004.698361,988.1229473,995.9640113,960062.3056,1003.45,6/8/2015
997.5024479,998.4949876,989.6613839,994.3759477,1521349.65,1001.85,6/9/2015
990.5546697,1011.398004,989.5621299,1008.023369,2011506.342,1015.6,6/10/2015
1010.008449,1010.951361,987.2792885,992.7382571,2290588.364,1000.2,6/11/2015
993.5322889,1003.308805,982.7632326,1001.621488,1644266.642,1009.15,6/12/2015
994.5248286,1006.187171,992.5397491,997.7009558,1511173.735,1005.2,6/15/2015
992.5397491,1002.91179,989.6117569,1000.877083,1513894.029,1008.4,6/16/2015
1001.472607,1005.939036,992.0434793,997.204686,2439700.78,1004.7,6/17/2015
998.3957337,1016.162195,994.7729636,1011.993528,2123743.66,1019.6,6/18/2015
1017.154735,1027.229013,1005.591647,1022.812211,942531.5216,1030.5,6/19/2015
1024.400275,1049.015261,1020.827132,1039.337998,1372640.241,1047.15,6/22/2015
1044.151816,1053.283182,1034.722688,1044.25107,1424325.828,1052.1,6/23/2015
1046.136896,1049.908547,1034.921196,1037.99807,1578576.577,1045.8,6/24/2015
1040.429792,1062.86119,1034.871569,1057.054833,4174442.387,1065,6/25/2015
1059.039912,1062.960444,1043.655546,1054.920872,1422411.547,1062.85,6/26/2015
1037.104784,1053.829079,1022.812211,1048.767126,1634090.727,1056.65,6/29/2015
1044.399951,1064.002611,1040.181657,1059.188793,1836198.501,1067.15,6/30/2015
1053.432063,1068.96531,1052.141761,1064.35,1252040.536,1072.35,7/1/2015
1065,1067.7,1055.65,1058.2,1120800,1058.2,7/2/2015
1054.05,1076.15,1054.05,1074.25,1009800,1074.25,7/3/2015
1064.05,1085,1060.25,1083.5,816900,1083.5,7/6/2015
1078.5,1091.5,1078.5,1086.85,1035300,1086.85,7/7/2015
1079.1,1080.6,1066,1068.85,1350100,1068.85,7/8/2015
1062.7,1076.9,1060.1,1074.05,699400,1074.05,7/9/2015
1069.8,1095,1068.5,1090.75,1225000,1090.75,7/10/2015
1085,1105.9,1085,1096.15,1769000,1096.15,7/13/2015
1095.5,1101.9,1086,1091.85,1418500,1091.85,7/14/2015
1093,1101.45,1090.8,1096.7,962300,1096.7,7/15/2015
1098.8,1119,1098.1,1114.7,1827600,1114.7,7/16/2015
1119.4,1121.75,1105.6,1110.55,877700,1110.55,7/17/2015
1115.95,1119,1107,1115.25,1137800,1115.25,7/20/2015
1116.55,1128,1093.1,1098.05,2757000,1098.05,7/21/2015
1096.4,1117.05,1088.65,1114.4,1821600,1114.4,7/22/2015
1112.9,1116.7,1100.1,1107.9,1270700,1107.9,7/23/2015
1103.15,1115,1100.5,1107.85,1190200,1107.85,7/24/2015
1103.9,1104.5,1070,1095.85,832100,1095.85,7/27/2015
1094,1113.9,1092.45,1108.5,1586400,1108.5,7/28/2015
1105.1,1117.9,1105.05,1108.35,985700,1108.35,7/29/2015
1107,1117,1101.1,1110.55,2365500,1110.55,7/30/2015
1115.6,1121,1103,1111.65,1412300,1111.65,7/31/2015
1112.75,1117.5,1093.45,1095.4,1086400,1095.4,8/3/2015
1098.1,1102,1081.95,1086.45,1347700,1086.45,8/4/2015
1092.15,1097.7,1085.2,1092.2,1030600,1092.2,8/5/2015
1091.9,1101.35,1085.45,1095.95,935900,1095.95,8/6/2015
1093.95,1097.5,1088.6,1092.65,806700,1092.65,8/7/2015
1095,1105.95,1088,1094.65,988500,1094.65,8/10/2015
1095.05,1098.85,1084.25,1094.7,681900,1094.7,8/11/2015
1088.4,1094.9,1067.7,1070.45,1501400,1070.45,8/12/2015
1077,1082.7,1066.6,1077.55,866200,1077.55,8/13/2015
1083.1,1103.65,1079.9,1101.8,900400,1101.8,8/14/2015
1099.05,1101.8,1075.8,1091.5,625000,1091.5,8/17/2015
1091.6,1096.1,1078.45,1086.35,464300,1086.35,8/18/2015
1084.85,1087,1075,1081.85,751100,1081.85,8/19/2015
1068,1084.75,1068,1074.7,761200,1074.7,8/20/2015
1064,1072.95,1051,1061.3,1939700,1061.3,8/21/2015
1044.7,1044.7,1011.25,1019.05,3671500,1019.05,8/24/2015
1024.7,1032.3,1005.7,1018.45,3086900,1018.45,8/25/2015
1017.4,1029,1009,1013.5,1393200,1013.5,8/26/2015
1025,1034.45,1009.1,1022.1,3468300,1022.1,8/27/2015
1031.05,1042.75,1019.4,1027.95,1388200,1027.95,8/28/2015
1021.1,1032.9,1015.55,1027.45,860300,1027.45,8/31/2015
